{"type":"FeatureCollection", "features": [
{"type":"Feature","geometry":{"type":"Polygon","coordinates":[[[14.60457,50.12841],[14.60131,50.12914],[14.59521,50.13392],[14.59127,50.14288],[14.59224,50.14735],[14.59708,50.15345],[14.58932,50.15429],[14.58184,50.15143],[14.5736,50.14994],[14.56323,50.15017],[14.56062,50.16201],[14.54784,50.16538],[14.54235,50.16285],[14.53424,50.16157],[14.53069,50.16659],[14.53248,50.17718],[14.51958,50.17488],[14.50907,50.17416],[14.5069,50.17144],[14.49219,50.17235],[14.47952,50.17229],[14.48015,50.16988],[14.46691,50.16954],[14.46384,50.16488],[14.46412,50.15992],[14.45187,50.15783],[14.42814,50.15767],[14.42768,50.15315],[14.42001,50.15297],[14.42111,50.14938],[14.40712,50.14698],[14.40009,50.14778],[14.39915,50.14338],[14.3949,50.14143],[14.38491,50.14691],[14.37844,50.14649],[14.37158,50.14797],[14.36213,50.14661],[14.35609,50.14117],[14.35744,50.12965],[14.35564,50.12465],[14.3604,50.11875],[14.36078,50.11602],[14.33937,50.1169],[14.32764,50.11675],[14.32157,50.11541],[14.3157,50.12295],[14.31588,50.12862],[14.30998,50.12802],[14.30243,50.13008],[14.3002,50.12664],[14.29512,50.12465],[14.29745,50.12096],[14.28466,50.11547],[14.27884,50.11908],[14.25098,50.11099],[14.24476,50.11007],[14.23881,50.1118],[14.23632,50.10734],[14.22547,50.104],[14.22667,50.10041],[14.23276,50.10224],[14.23898,50.10205],[14.24984,50.10347],[14.25834,50.09938],[14.26103,50.09586],[14.2611,50.0871],[14.27448,50.08578],[14.27525,50.08107],[14.28533,50.08121],[14.28937,50.07714],[14.29019,50.07318],[14.28448,50.07359],[14.26675,50.07263],[14.25805,50.07152],[14.25872,50.06442],[14.24756,50.06222],[14.24809,50.05831],[14.2623,50.05553],[14.26431,50.05233],[14.26993,50.05414],[14.27264,50.05061],[14.26923,50.04275],[14.27186,50.03759],[14.28933,50.02697],[14.29759,50.02459],[14.31555,50.02367],[14.31654,50.01991],[14.31146,50.00698],[14.30018,50.00904],[14.30053,50.00438],[14.29512,50.00224],[14.30256,49.99751],[14.3064,49.99746],[14.3101,49.99384],[14.31396,49.99478],[14.3181,49.98889],[14.33498,49.99385],[14.3403,49.98972],[14.33869,49.9857],[14.33959,49.98075],[14.33234,49.97731],[14.32786,49.9732],[14.3323,49.97103],[14.34062,49.97461],[14.34618,49.97471],[14.34492,49.96763],[14.34149,49.96573],[14.3347,49.96753],[14.32812,49.9642],[14.32509,49.95879],[14.32677,49.95617],[14.33497,49.95257],[14.33763,49.94838],[14.36039,49.94746],[14.37202,49.94996],[14.37703,49.94667],[14.37982,49.9492],[14.38797,49.94978],[14.38905,49.94518],[14.39678,49.94486],[14.39436,49.953],[14.40036,49.97033],[14.41898,49.96358],[14.42774,49.9645],[14.43023,49.96684],[14.44126,49.96934],[14.44459,49.97386],[14.46224,49.97077],[14.46411,49.97269],[14.4663,49.98104],[14.47399,49.9804],[14.47384,49.9834],[14.48458,49.98742],[14.48393,49.99242],[14.50725,49.99748],[14.50936,49.99385],[14.51752,49.99516],[14.53002,50.00072],[14.52243,50.00811],[14.52747,50.01084],[14.53548,50.01175],[14.54211,50.00878],[14.55085,50.00799],[14.55432,50.01209],[14.56275,50.01159],[14.5646,50.00963],[14.57165,50.00897],[14.57628,50.0136],[14.58239,50.01636],[14.58204,50.01105],[14.58709,50.01145],[14.59468,50.00775],[14.60226,50.00943],[14.6039,50.00193],[14.61778,49.99824],[14.62235,49.99862],[14.62916,49.99554],[14.6336,49.9961],[14.64015,49.99444],[14.64692,49.99876],[14.63922,50.00529],[14.64536,50.00516],[14.6498,50.00879],[14.65779,50.00435],[14.66262,50.0084],[14.66319,50.01359],[14.66855,50.01344],[14.66803,50.01895],[14.65613,50.03096],[14.65696,50.03782],[14.66685,50.03853],[14.66015,50.04496],[14.65387,50.04925],[14.64812,50.0438],[14.64369,50.04417],[14.64022,50.04841],[14.64019,50.0569],[14.65214,50.05954],[14.65145,50.06195],[14.66714,50.06379],[14.67302,50.06692],[14.69086,50.07202],[14.69999,50.07213],[14.70679,50.08702],[14.70392,50.09174],[14.68869,50.0963],[14.68998,50.10068],[14.6768,50.10165],[14.67189,50.10311],[14.66588,50.10265],[14.65744,50.1065],[14.65676,50.10989],[14.65958,50.12066],[14.65912,50.1226],[14.64752,50.12418],[14.6352,50.12392],[14.6323,50.1299],[14.62177,50.12783],[14.62054,50.12944],[14.60863,50.12712],[14.60457,50.12841]]]},"properties":{"code":"PHA","name":"Hlavní město Praha"}},
{"type":"Feature","geometry":{"type":"Polygon","coordinates":[[[15.4971,49.8611],[15.49985,49.86234],[15.50009,49.86702],[15.49576,49.87041],[15.50314,49.87155],[15.50411,49.87748],[15.50136,49.87878],[15.50524,49.88315],[15.50344,49.889],[15.49994,49.89132],[15.49872,49.89753],[15.513,49.89855],[15.52055,49.90193],[15.51585,49.90424],[15.5229,49.91612],[15.53546,49.92741],[15.532,49.92817],[15.52325,49.93435],[15.51611,49.94116],[15.5211,49.9458],[15.52754,49.94804],[15.53284,49.95225],[15.52783,49.95523],[15.53334,49.95843],[15.53153,49.96169],[15.52466,49.96263],[15.51673,49.96806],[15.50968,49.96997],[15.50131,49.96819],[15.47228,49.9819],[15.46944,49.98213],[15.46097,49.98733],[15.47402,49.9943],[15.47205,49.99644],[15.47378,50.00345],[15.46768,50.00733],[15.46415,50.00055],[15.45936,49.99748],[15.45591,50.00072],[15.45658,50.00368],[15.46142,50.00703],[15.45503,50.01097],[15.45109,50.00806],[15.4413,50.00703],[15.43716,50.00984],[15.43191,50.01065],[15.42946,50.00823],[15.42407,50.00976],[15.43138,50.01605],[15.42576,50.01771],[15.42082,50.01675],[15.41435,50.02184],[15.40738,50.02174],[15.40519,50.01877],[15.39323,50.02066],[15.37908,50.02602],[15.36959,50.03464],[15.36589,50.04233],[15.37189,50.04277],[15.37626,50.04683],[15.38565,50.04726],[15.39012,50.04556],[15.40124,50.04624],[15.38964,50.05228],[15.38296,50.05249],[15.37901,50.05476],[15.38056,50.06054],[15.38694,50.06102],[15.39247,50.05911],[15.40217,50.06254],[15.41258,50.06306],[15.41347,50.07447],[15.40795,50.07927],[15.40425,50.08604],[15.40889,50.08546],[15.41963,50.09166],[15.4147,50.09403],[15.40985,50.09062],[15.40741,50.09368],[15.39912,50.0955],[15.40785,50.10533],[15.41393,50.1077],[15.41906,50.10629],[15.42101,50.10163],[15.42549,50.09921],[15.434,50.10189],[15.43375,50.11103],[15.43738,50.10989],[15.43904,50.11299],[15.4349,50.11524],[15.44574,50.12156],[15.44558,50.12478],[15.4232,50.13073],[15.41361,50.13615],[15.40579,50.13859],[15.4044,50.1352],[15.39083,50.13804],[15.38963,50.14045],[15.38187,50.14556],[15.37759,50.14592],[15.36601,50.14381],[15.34988,50.14582],[15.36021,50.1482],[15.37401,50.15578],[15.37495,50.15897],[15.363,50.16265],[15.36641,50.16648],[15.36547,50.17104],[15.3707,50.17455],[15.37644,50.17288],[15.38053,50.17846],[15.3887,50.18298],[15.38872,50.19035],[15.39277,50.19187],[15.39744,50.19785],[15.39253,50.20401],[15.3973,50.2066],[15.39129,50.2178],[15.38333,50.22017],[15.37867,50.22482],[15.37242,50.2268],[15.37397,50.23967],[15.37191,50.2466],[15.37405,50.25082],[15.38166,50.25169],[15.3843,50.2549],[15.38043,50.26034],[15.37716,50.26114],[15.37892,50.26872],[15.37492,50.27033],[15.37962,50.27358],[15.37813,50.27805],[15.37502,50.27963],[15.37807,50.28468],[15.37205,50.28534],[15.36996,50.28869],[15.35579,50.29044],[15.35709,50.29339],[15.35419,50.29797],[15.34363,50.29676],[15.34061,50.29482],[15.33466,50.29504],[15.32792,50.29116],[15.31888,50.29214],[15.31602,50.28539],[15.30882,50.2833],[15.30683,50.28121],[15.29992,50.28582],[15.29077,50.28982],[15.28349,50.28933],[15.26787,50.29206],[15.26212,50.29443],[15.25624,50.29322],[15.25477,50.29081],[15.2402,50.28985],[15.23671,50.28591],[15.22295,50.29195],[15.2062,50.29689],[15.21015,50.30119],[15.20915,50.30745],[15.20361,50.30898],[15.20695,50.3135],[15.2178,50.31808],[15.20749,50.3228],[15.19904,50.32501],[15.19435,50.32767],[15.18723,50.3273],[15.18083,50.32843],[15.18234,50.33537],[15.1888,50.33673],[15.18718,50.33956],[15.17508,50.3416],[15.16887,50.34388],[15.16745,50.34667],[15.16083,50.34435],[15.1582,50.34067],[15.15406,50.33907],[15.14506,50.34099],[15.13253,50.34577],[15.1298,50.34578],[15.12202,50.35466],[15.12057,50.35912],[15.12612,50.36123],[15.12777,50.36521],[15.11925,50.36512],[15.11221,50.37229],[15.10562,50.37566],[15.10682,50.37873],[15.11297,50.38217],[15.11788,50.3889],[15.13041,50.38642],[15.13171,50.38851],[15.14406,50.38759],[15.13698,50.39591],[15.13714,50.40425],[15.14403,50.40426],[15.14778,50.40712],[15.15136,50.40491],[15.15508,50.40751],[15.1623,50.42726],[15.15414,50.42855],[15.1498,50.43388],[15.15478,50.43805],[15.15096,50.44004],[15.15037,50.4439],[15.14542,50.44783],[15.14018,50.44663],[15.13415,50.44732],[15.12959,50.45052],[15.13607,50.45512],[15.13495,50.45792],[15.13759,50.47135],[15.14197,50.47075],[15.14474,50.47505],[15.13594,50.4778],[15.13124,50.48107],[15.13637,50.48458],[15.13432,50.4895],[15.12161,50.49753],[15.11632,50.49894],[15.11363,50.50654],[15.1191,50.50953],[15.12685,50.5089],[15.13601,50.51284],[15.13929,50.51676],[15.14693,50.52267],[15.14133,50.52331],[15.13876,50.52782],[15.12404,50.53157],[15.11629,50.52997],[15.11587,50.53306],[15.10418,50.53178],[15.09765,50.53456],[15.09702,50.54042],[15.09337,50.54904],[15.09523,50.55425],[15.0821,50.55929],[15.07504,50.56041],[15.06691,50.56613],[15.06343,50.5713],[15.05892,50.57097],[15.05037,50.56756],[15.04568,50.56895],[15.03596,50.57504],[15.02654,50.58432],[15.01677,50.58681],[15.01416,50.59237],[15.00448,50.60397],[14.99742,50.6001],[14.99083,50.59989],[14.98095,50.60203],[14.97987,50.60633],[14.97553,50.60569],[14.9728,50.60183],[14.9742,50.59836],[14.96782,50.59841],[14.96655,50.59523],[14.9578,50.59374],[14.95676,50.59552],[14.94872,50.59803],[14.95369,50.60113],[14.94977,50.6066],[14.93771,50.60649],[14.93035,50.60761],[14.93162,50.61526],[14.92632,50.61816],[14.91202,50.61895],[14.90798,50.61744],[14.91292,50.6133],[14.91748,50.60698],[14.90955,50.60503],[14.90341,50.60592],[14.89788,50.60333],[14.90463,50.59457],[14.90865,50.58646],[14.90384,50.58514],[14.89766,50.58072],[14.89283,50.57909],[14.88648,50.58035],[14.87498,50.58023],[14.86542,50.57498],[14.84698,50.5719],[14.84772,50.56496],[14.85911,50.55887],[14.85833,50.55633],[14.847,50.55141],[14.8268,50.53851],[14.80234,50.55033],[14.75044,50.55682],[14.74921,50.54756],[14.75818,50.52961],[14.75585,50.52173],[14.75138,50.51627],[14.74058,50.5175],[14.72596,50.52019],[14.72386,50.5112],[14.72129,50.50751],[14.71912,50.49854],[14.7121,50.49663],[14.69967,50.49571],[14.69867,50.49328],[14.6882,50.49167],[14.6908,50.48054],[14.68302,50.48286],[14.67697,50.48653],[14.66772,50.48423],[14.65308,50.48566],[14.64808,50.48468],[14.64674,50.47998],[14.63999,50.48334],[14.63069,50.48563],[14.63144,50.48197],[14.62262,50.47988],[14.61716,50.48069],[14.61255,50.47872],[14.61388,50.47606],[14.60126,50.47574],[14.5974,50.47853],[14.58985,50.47373],[14.58194,50.48034],[14.5795,50.48768],[14.57512,50.49309],[14.58002,50.49925],[14.57717,50.50161],[14.57978,50.50468],[14.5726,50.51025],[14.56772,50.51095],[14.56618,50.50651],[14.55729,50.50467],[14.55099,50.50475],[14.55365,50.4981],[14.54714,50.49583],[14.53269,50.49765],[14.52911,50.50351],[14.52267,50.50883],[14.51683,50.51008],[14.51031,50.50961],[14.50725,50.50726],[14.50546,50.49993],[14.50192,50.49552],[14.49644,50.49855],[14.48823,50.50036],[14.48643,50.50499],[14.46927,50.50935],[14.47396,50.49931],[14.46336,50.49903],[14.45484,50.4965],[14.45933,50.49309],[14.46637,50.48183],[14.47046,50.47944],[14.47247,50.47364],[14.47062,50.46829],[14.47373,50.46303],[14.47146,50.45863],[14.47336,50.45471],[14.4724,50.44927],[14.46052,50.44936],[14.45848,50.45152],[14.4476,50.45416],[14.44891,50.44639],[14.43949,50.44696],[14.42345,50.45329],[14.4263,50.43992],[14.42336,50.439],[14.42007,50.43254],[14.4163,50.4343],[14.41264,50.42938],[14.4195,50.42998],[14.42241,50.42802],[14.41822,50.42498],[14.41639,50.42073],[14.40521,50.42288],[14.39105,50.42703],[14.3838,50.4309],[14.37799,50.43611],[14.37298,50.43473],[14.36504,50.43026],[14.36577,50.4262],[14.3698,50.42253],[14.37196,50.41635],[14.36897,50.41077],[14.36372,50.40847],[14.36382,50.40537],[14.36925,50.40383],[14.36942,50.39929],[14.3795,50.39613],[14.37663,50.39277],[14.37753,50.37599],[14.36825,50.37708],[14.3691,50.3716],[14.36722,50.36795],[14.37211,50.36505],[14.37076,50.35885],[14.36712,50.35203],[14.34993,50.35246],[14.3359,50.35693],[14.32332,50.35716],[14.32174,50.35261],[14.30687,50.35523],[14.3043,50.35205],[14.29916,50.35315],[14.29525,50.34912],[14.28227,50.35075],[14.28009,50.35336],[14.27448,50.35475],[14.26808,50.34874],[14.26138,50.33959],[14.24875,50.33067],[14.24069,50.33355],[14.23019,50.33555],[14.21575,50.33996],[14.21113,50.33515],[14.19878,50.33663],[14.19305,50.33936],[14.19789,50.34294],[14.18233,50.34522],[14.18368,50.34239],[14.18164,50.33435],[14.1689,50.33564],[14.16677,50.33332],[14.15559,50.33251],[14.14008,50.33232],[14.13326,50.3331],[14.11704,50.33281],[14.11672,50.33467],[14.10807,50.335],[14.09688,50.33406],[14.07517,50.33496],[14.0744,50.33764],[14.06663,50.34053],[14.05413,50.34044],[14.03618,50.34598],[14.03011,50.34042],[14.02422,50.34358],[14.01977,50.34844],[14.00762,50.34629],[14.0019,50.34241],[13.99723,50.34196],[13.9941,50.33619],[13.98154,50.3338],[13.98339,50.32472],[13.99083,50.31836],[13.98825,50.309],[13.99132,50.3037],[13.97017,50.30177],[13.95949,50.30583],[13.95124,50.30657],[13.95203,50.3036],[13.9565,50.30097],[13.95704,50.29212],[13.94329,50.28776],[13.94033,50.2801],[13.92807,50.27839],[13.92539,50.2754],[13.91818,50.27254],[13.91338,50.27584],[13.89319,50.27255],[13.88612,50.2701],[13.87787,50.27018],[13.87641,50.26629],[13.87015,50.26117],[13.86495,50.25949],[13.86849,50.25441],[13.86437,50.25382],[13.86387,50.24426],[13.85601,50.24237],[13.84348,50.24175],[13.83981,50.24009],[13.83615,50.24319],[13.83622,50.24745],[13.82671,50.26071],[13.81865,50.2589],[13.81746,50.26296],[13.80523,50.25981],[13.80014,50.25989],[13.79821,50.25548],[13.78163,50.24215],[13.77678,50.23622],[13.77162,50.23665],[13.76877,50.23219],[13.7637,50.23301],[13.76447,50.23686],[13.76003,50.24057],[13.75724,50.23348],[13.75357,50.22969],[13.75142,50.22368],[13.74323,50.2255],[13.73382,50.22435],[13.72212,50.22554],[13.71339,50.22447],[13.70793,50.22209],[13.69424,50.22167],[13.68967,50.22452],[13.68015,50.22618],[13.66977,50.22435],[13.67255,50.23058],[13.66972,50.23832],[13.66455,50.23562],[13.65269,50.22594],[13.64666,50.21852],[13.63848,50.21683],[13.63188,50.20836],[13.61982,50.2091],[13.62272,50.20243],[13.58694,50.18751],[13.57589,50.18732],[13.5686,50.18483],[13.55817,50.19247],[13.55472,50.19071],[13.54366,50.19102],[13.53558,50.18902],[13.5344,50.18353],[13.5265,50.18233],[13.52234,50.17816],[13.51435,50.17675],[13.51644,50.17292],[13.51255,50.16849],[13.50763,50.16659],[13.49469,50.16523],[13.48814,50.16314],[13.49069,50.15929],[13.49246,50.14423],[13.48799,50.14449],[13.49057,50.12662],[13.47798,50.12645],[13.47071,50.13242],[13.46723,50.12711],[13.46982,50.12135],[13.46832,50.11654],[13.47104,50.1139],[13.45982,50.11225],[13.46445,50.11006],[13.463,50.10571],[13.45551,50.10434],[13.44523,50.10599],[13.43869,50.10998],[13.42538,50.10916],[13.42563,50.10388],[13.42057,50.1036],[13.41641,50.0995],[13.41205,50.10065],[13.40676,50.08958],[13.40904,50.08863],[13.40715,50.08168],[13.41024,50.08037],[13.4157,50.08334],[13.42018,50.07667],[13.42786,50.07412],[13.42991,50.07027],[13.42632,50.06692],[13.42953,50.06095],[13.42061,50.06053],[13.41379,50.06236],[13.41399,50.05742],[13.40994,50.05414],[13.40878,50.04846],[13.4026,50.04608],[13.40066,50.03948],[13.39776,50.03789],[13.39848,50.03268],[13.41539,50.03472],[13.42312,50.03449],[13.42416,50.02814],[13.43462,50.0277],[13.43558,50.0319],[13.44117,50.03425],[13.44507,50.03858],[13.44521,50.04157],[13.4547,50.04005],[13.4607,50.04048],[13.47187,50.03903],[13.48109,50.03411],[13.48727,50.03214],[13.49318,50.03377],[13.49742,50.03924],[13.51442,50.04157],[13.52054,50.04056],[13.52265,50.03422],[13.53358,50.03216],[13.53187,50.03041],[13.50836,50.03121],[13.50708,50.02829],[13.50187,50.02686],[13.50157,50.02256],[13.50788,50.02023],[13.51577,50.02084],[13.52135,50.01326],[13.53146,50.01376],[13.54331,50.01299],[13.54509,50.01069],[13.55336,50.00902],[13.56127,50.00218],[13.56229,49.99937],[13.56798,49.99756],[13.56869,49.99446],[13.57539,49.9946],[13.58958,49.99258],[13.59318,49.99362],[13.6106,49.99243],[13.62383,49.99378],[13.63113,49.99584],[13.63081,50.00029],[13.64047,49.99866],[13.64515,50.00277],[13.65643,50.00178],[13.65885,49.99822],[13.66732,49.99716],[13.66942,49.98753],[13.67914,49.97773],[13.68376,49.97664],[13.68709,49.97887],[13.69191,49.97838],[13.6984,49.97314],[13.6992,49.96684],[13.70267,49.96199],[13.70956,49.9658],[13.71835,49.96696],[13.73028,49.96666],[13.73867,49.96368],[13.74804,49.96606],[13.749,49.9606],[13.75261,49.9581],[13.74862,49.94963],[13.75078,49.94516],[13.74479,49.94416],[13.74339,49.94106],[13.7488,49.93979],[13.7543,49.94058],[13.76108,49.94355],[13.77784,49.93947],[13.78282,49.94139],[13.78657,49.94032],[13.7911,49.93544],[13.79751,49.93352],[13.80085,49.9305],[13.80881,49.92725],[13.81763,49.92655],[13.83034,49.92749],[13.82996,49.92571],[13.82119,49.92378],[13.82182,49.91321],[13.81873,49.91179],[13.81935,49.90586],[13.82333,49.90461],[13.82385,49.895],[13.828,49.89035],[13.82684,49.88256],[13.82816,49.87835],[13.83431,49.86769],[13.81902,49.86836],[13.8098,49.86702],[13.81042,49.8611],[13.80791,49.85929],[13.8116,49.85384],[13.80177,49.84327],[13.80644,49.83665],[13.797,49.82979],[13.80012,49.82216],[13.80687,49.82154],[13.80611,49.81237],[13.80222,49.80778],[13.80351,49.8043],[13.78913,49.80149],[13.78957,49.79697],[13.7931,49.79235],[13.79244,49.79007],[13.79719,49.78668],[13.79988,49.78146],[13.79689,49.77837],[13.79659,49.77136],[13.79445,49.76885],[13.78208,49.76575],[13.7816,49.75983],[13.79134,49.76185],[13.79794,49.76559],[13.8076,49.76111],[13.81285,49.76095],[13.82016,49.75277],[13.81757,49.74745],[13.83845,49.70379],[13.84033,49.69657],[13.83554,49.69368],[13.82608,49.69076],[13.82462,49.68641],[13.81211,49.69212],[13.80647,49.69294],[13.78718,49.68149],[13.79325,49.67721],[13.78561,49.67075],[13.77645,49.67019],[13.771,49.66099],[13.76766,49.66115],[13.76383,49.65456],[13.76677,49.64339],[13.77273,49.63873],[13.76885,49.63477],[13.76152,49.6356],[13.75981,49.6379],[13.75197,49.63249],[13.75355,49.6268],[13.7479,49.62311],[13.7533,49.62126],[13.75387,49.61491],[13.74728,49.61004],[13.75057,49.60552],[13.75002,49.59974],[13.75161,49.59591],[13.7456,49.58892],[13.73965,49.58649],[13.74049,49.58074],[13.74357,49.57597],[13.74024,49.56978],[13.74183,49.56704],[13.73917,49.56182],[13.74506,49.5603],[13.74227,49.55144],[13.74813,49.55246],[13.75604,49.54836],[13.76492,49.54626],[13.76295,49.53771],[13.7722,49.53653],[13.77115,49.52855],[13.76572,49.51395],[13.76833,49.51137],[13.78131,49.51061],[13.78443,49.50952],[13.79106,49.51529],[13.79099,49.51908],[13.80696,49.51665],[13.81255,49.52057],[13.8146,49.52405],[13.82117,49.52511],[13.82699,49.52447],[13.82924,49.51922],[13.84327,49.51272],[13.85293,49.51369],[13.85453,49.51652],[13.86371,49.52143],[13.86361,49.52577],[13.87326,49.52491],[13.8815,49.52272],[13.87859,49.51832],[13.88128,49.51294],[13.89871,49.51425],[13.89987,49.51273],[13.89423,49.50858],[13.90419,49.50735],[13.91767,49.50232],[13.92308,49.50197],[13.93939,49.50555],[13.93886,49.51424],[13.95065,49.51803],[13.95412,49.51451],[13.96701,49.51172],[13.97826,49.51168],[13.97916,49.51555],[13.98314,49.51933],[13.98798,49.52767],[13.99676,49.51904],[14.00249,49.52392],[14.00352,49.52835],[14.00847,49.53047],[14.00991,49.53909],[14.01465,49.53978],[14.01027,49.54535],[14.00977,49.55107],[14.02362,49.54909],[14.03124,49.55277],[14.03893,49.56008],[14.04309,49.55854],[14.05679,49.55999],[14.06181,49.56295],[14.06838,49.55731],[14.06937,49.55164],[14.06689,49.55035],[14.06783,49.5425],[14.06402,49.53886],[14.06659,49.53237],[14.07715,49.52968],[14.10195,49.52858],[14.10078,49.53491],[14.10647,49.53254],[14.11025,49.52855],[14.11835,49.52966],[14.12422,49.52836],[14.12193,49.53688],[14.13371,49.53362],[14.1369,49.5344],[14.1512,49.53044],[14.15375,49.53366],[14.15979,49.53314],[14.16683,49.53482],[14.17983,49.53288],[14.18251,49.53587],[14.18717,49.53531],[14.20051,49.5378],[14.2057,49.53689],[14.20193,49.53193],[14.20958,49.53236],[14.2099,49.5362],[14.21572,49.53841],[14.21509,49.54134],[14.22016,49.54383],[14.22166,49.54835],[14.22705,49.55153],[14.22515,49.55963],[14.2319,49.56102],[14.23429,49.56509],[14.24204,49.56161],[14.25489,49.56574],[14.26001,49.56519],[14.26358,49.5678],[14.26945,49.5636],[14.27467,49.56583],[14.28687,49.5615],[14.29277,49.55806],[14.28971,49.54947],[14.29663,49.54829],[14.29778,49.54497],[14.30371,49.54727],[14.31244,49.54598],[14.32021,49.54602],[14.3264,49.53962],[14.33446,49.53919],[14.32846,49.53408],[14.32775,49.52746],[14.33694,49.52901],[14.34077,49.53194],[14.34677,49.52821],[14.35723,49.5294],[14.36144,49.53139],[14.36779,49.53099],[14.3743,49.53316],[14.37726,49.53669],[14.38466,49.53948],[14.38567,49.54266],[14.39353,49.54356],[14.39783,49.54109],[14.40721,49.54229],[14.40542,49.55043],[14.41256,49.55465],[14.41674,49.55407],[14.42168,49.54976],[14.4279,49.54232],[14.43317,49.54761],[14.44125,49.54796],[14.44331,49.54227],[14.44942,49.54176],[14.45625,49.53833],[14.45636,49.53429],[14.46205,49.53229],[14.46973,49.53754],[14.47586,49.53758],[14.47748,49.5461],[14.48931,49.54435],[14.49701,49.54064],[14.50363,49.54376],[14.5104,49.54452],[14.51079,49.53814],[14.51774,49.53481],[14.52961,49.53492],[14.53476,49.53693],[14.53788,49.53478],[14.54862,49.53201],[14.56255,49.53141],[14.57278,49.53316],[14.58403,49.53814],[14.58526,49.54292],[14.59031,49.54364],[14.59145,49.53753],[14.58912,49.53266],[14.58163,49.52621],[14.5756,49.52347],[14.58263,49.51819],[14.59617,49.51895],[14.60262,49.5219],[14.60974,49.52276],[14.62197,49.51935],[14.63165,49.51928],[14.63813,49.51473],[14.639,49.50547],[14.64803,49.50312],[14.65414,49.50807],[14.65279,49.51118],[14.65643,49.51409],[14.64986,49.5178],[14.65609,49.51958],[14.65853,49.52477],[14.66413,49.52534],[14.66547,49.52849],[14.67473,49.529],[14.68494,49.53849],[14.69252,49.5385],[14.69385,49.54429],[14.71251,49.5425],[14.72188,49.5448],[14.72455,49.54781],[14.73183,49.54716],[14.73768,49.55232],[14.73124,49.55911],[14.72447,49.56096],[14.7291,49.56387],[14.72791,49.56765],[14.72164,49.56774],[14.72299,49.57972],[14.72807,49.57926],[14.73253,49.58667],[14.72938,49.58966],[14.72843,49.59687],[14.74109,49.59493],[14.74646,49.59622],[14.74236,49.60138],[14.74303,49.60561],[14.75618,49.60924],[14.76208,49.61281],[14.76361,49.61603],[14.76812,49.61567],[14.77775,49.6088],[14.77951,49.60469],[14.78698,49.60524],[14.80381,49.60123],[14.81378,49.60228],[14.82037,49.59472],[14.82061,49.59166],[14.82982,49.58575],[14.84052,49.58263],[14.84515,49.57613],[14.85502,49.5877],[14.86227,49.58616],[14.86796,49.5881],[14.87539,49.5878],[14.87722,49.58597],[14.8738,49.58138],[14.87563,49.5773],[14.88276,49.5718],[14.88808,49.56033],[14.8956,49.55614],[14.89516,49.55305],[14.90159,49.5483],[14.90361,49.54398],[14.90988,49.54306],[14.91261,49.54579],[14.9204,49.54392],[14.92536,49.54565],[14.92634,49.55042],[14.93201,49.54938],[14.93099,49.55455],[14.93277,49.55751],[14.94161,49.55815],[14.94137,49.56521],[14.93957,49.56931],[14.94201,49.57528],[14.93959,49.57984],[14.94749,49.57967],[14.95689,49.57619],[14.96182,49.5796],[14.96784,49.5782],[14.97899,49.57879],[14.99297,49.58186],[14.99073,49.58512],[14.98508,49.58614],[14.98204,49.59167],[14.97246,49.59383],[14.97012,49.59711],[14.97468,49.60368],[14.98182,49.60595],[14.98627,49.60519],[14.99745,49.60798],[15.00769,49.60364],[15.01283,49.59987],[15.01592,49.60062],[15.0213,49.5968],[15.03617,49.6015],[15.04891,49.59821],[15.05054,49.59536],[15.05588,49.59407],[15.06244,49.5968],[15.06913,49.59591],[15.07412,49.59761],[15.08084,49.59705],[15.0829,49.60061],[15.08791,49.6],[15.09047,49.60239],[15.10282,49.60463],[15.10205,49.60735],[15.11751,49.61036],[15.11477,49.6054],[15.12177,49.60325],[15.12693,49.59968],[15.13501,49.59987],[15.14408,49.60272],[15.14872,49.59821],[15.15365,49.596],[15.15311,49.59152],[15.16491,49.58897],[15.16693,49.59008],[15.16357,49.59539],[15.16749,49.60238],[15.17195,49.6034],[15.1728,49.60918],[15.18134,49.61036],[15.1779,49.61345],[15.18257,49.61808],[15.18881,49.6202],[15.19292,49.6188],[15.20095,49.61163],[15.20581,49.61384],[15.21284,49.61214],[15.21685,49.61404],[15.22193,49.61239],[15.23057,49.6152],[15.22979,49.61942],[15.24452,49.62421],[15.24957,49.63225],[15.24401,49.63589],[15.25038,49.64084],[15.24935,49.64388],[15.24292,49.65027],[15.23624,49.65492],[15.23307,49.66173],[15.23494,49.66475],[15.22401,49.66458],[15.21664,49.66555],[15.2088,49.66265],[15.20481,49.66448],[15.19631,49.67288],[15.19178,49.66787],[15.18518,49.66743],[15.18255,49.67028],[15.18258,49.67436],[15.17981,49.67634],[15.18257,49.68063],[15.17811,49.689],[15.17828,49.6958],[15.18203,49.70798],[15.18653,49.71255],[15.19281,49.71212],[15.20011,49.71816],[15.1992,49.72047],[15.2058,49.72397],[15.21705,49.72589],[15.21807,49.73246],[15.21478,49.73857],[15.2192,49.74122],[15.22733,49.74241],[15.22282,49.74711],[15.22093,49.75155],[15.22772,49.75713],[15.23833,49.75746],[15.24902,49.76358],[15.25481,49.76149],[15.25099,49.75388],[15.26313,49.75495],[15.26856,49.75414],[15.27822,49.75664],[15.28454,49.75981],[15.28459,49.76493],[15.29632,49.76433],[15.29825,49.76796],[15.31096,49.76563],[15.33158,49.77264],[15.33505,49.77535],[15.34393,49.7722],[15.34633,49.76936],[15.3545,49.77686],[15.36017,49.77924],[15.3646,49.77776],[15.36869,49.78297],[15.37059,49.78851],[15.37805,49.7938],[15.38122,49.79767],[15.3883,49.80033],[15.3913,49.79257],[15.39559,49.79357],[15.39478,49.797],[15.40505,49.79391],[15.41547,49.79229],[15.42509,49.79255],[15.43599,49.79922],[15.42814,49.81673],[15.41933,49.81661],[15.41511,49.81995],[15.41638,49.8277],[15.42421,49.83299],[15.43158,49.83208],[15.43091,49.83524],[15.44639,49.84516],[15.45543,49.84484],[15.46358,49.84227],[15.47593,49.84484],[15.47399,49.8508],[15.48488,49.85281],[15.49101,49.85022],[15.49529,49.85597],[15.4971,49.8611]],[[14.60457,50.12841],[14.60863,50.12712],[14.62054,50.12944],[14.62177,50.12783],[14.6323,50.1299],[14.6352,50.12392],[14.64752,50.12418],[14.65912,50.1226],[14.65958,50.12066],[14.65676,50.10989],[14.65744,50.1065],[14.66588,50.10265],[14.67189,50.10311],[14.6768,50.10165],[14.68998,50.10068],[14.68869,50.0963],[14.70392,50.09174],[14.70679,50.08702],[14.69999,50.07213],[14.69086,50.07202],[14.67302,50.06692],[14.66714,50.06379],[14.65145,50.06195],[14.65214,50.05954],[14.64019,50.0569],[14.64022,50.04841],[14.64369,50.04417],[14.64812,50.0438],[14.65387,50.04925],[14.66015,50.04496],[14.66685,50.03853],[14.65696,50.03782],[14.65613,50.03096],[14.66803,50.01895],[14.66855,50.01344],[14.66319,50.01359],[14.66262,50.0084],[14.65779,50.00435],[14.6498,50.00879],[14.64536,50.00516],[14.63922,50.00529],[14.64692,49.99876],[14.64015,49.99444],[14.6336,49.9961],[14.62916,49.99554],[14.62235,49.99862],[14.61778,49.99824],[14.6039,50.00193],[14.60226,50.00943],[14.59468,50.00775],[14.58709,50.01145],[14.58204,50.01105],[14.58239,50.01636],[14.57628,50.0136],[14.57165,50.00897],[14.5646,50.00963],[14.56275,50.01159],[14.55432,50.01209],[14.55085,50.00799],[14.54211,50.00878],[14.53548,50.01175],[14.52747,50.01084],[14.52243,50.00811],[14.53002,50.00072],[14.51752,49.99516],[14.50936,49.99385],[14.50725,49.99748],[14.48393,49.99242],[14.48458,49.98742],[14.47384,49.9834],[14.47399,49.9804],[14.4663,49.98104],[14.46411,49.97269],[14.46224,49.97077],[14.44459,49.97386],[14.44126,49.96934],[14.43023,49.96684],[14.42774,49.9645],[14.41898,49.96358],[14.40036,49.97033],[14.39436,49.953],[14.39678,49.94486],[14.38905,49.94518],[14.38797,49.94978],[14.37982,49.9492],[14.37703,49.94667],[14.37202,49.94996],[14.36039,49.94746],[14.33763,49.94838],[14.33497,49.95257],[14.32677,49.95617],[14.32509,49.95879],[14.32812,49.9642],[14.3347,49.96753],[14.34149,49.96573],[14.34492,49.96763],[14.34618,49.97471],[14.34062,49.97461],[14.3323,49.97103],[14.32786,49.9732],[14.33234,49.97731],[14.33959,49.98075],[14.33869,49.9857],[14.3403,49.98972],[14.33498,49.99385],[14.3181,49.98889],[14.31396,49.99478],[14.3101,49.99384],[14.3064,49.99746],[14.30256,49.99751],[14.29512,50.00224],[14.30053,50.00438],[14.30018,50.00904],[14.31146,50.00698],[14.31654,50.01991],[14.31555,50.02367],[14.29759,50.02459],[14.28933,50.02697],[14.27186,50.03759],[14.26923,50.04275],[14.27264,50.05061],[14.26993,50.05414],[14.26431,50.05233],[14.2623,50.05553],[14.24809,50.05831],[14.24756,50.06222],[14.25872,50.06442],[14.25805,50.07152],[14.26675,50.07263],[14.28448,50.07359],[14.29019,50.07318],[14.28937,50.07714],[14.28533,50.08121],[14.27525,50.08107],[14.27448,50.08578],[14.2611,50.0871],[14.26103,50.09586],[14.25834,50.09938],[14.24984,50.10347],[14.23898,50.10205],[14.23276,50.10224],[14.22667,50.10041],[14.22547,50.104],[14.23632,50.10734],[14.23881,50.1118],[14.24476,50.11007],[14.25098,50.11099],[14.27884,50.11908],[14.28466,50.11547],[14.29745,50.12096],[14.29512,50.12465],[14.3002,50.12664],[14.30243,50.13008],[14.30998,50.12802],[14.31588,50.12862],[14.3157,50.12295],[14.32157,50.11541],[14.32764,50.11675],[14.33937,50.1169],[14.36078,50.11602],[14.3604,50.11875],[14.35564,50.12465],[14.35744,50.12965],[14.35609,50.14117],[14.36213,50.14661],[14.37158,50.14797],[14.37844,50.14649],[14.38491,50.14691],[14.3949,50.14143],[14.39915,50.14338],[14.40009,50.14778],[14.40712,50.14698],[14.42111,50.14938],[14.42001,50.15297],[14.42768,50.15315],[14.42814,50.15767],[14.45187,50.15783],[14.46412,50.15992],[14.46384,50.16488],[14.46691,50.16954],[14.48015,50.16988],[14.47952,50.17229],[14.49219,50.17235],[14.5069,50.17144],[14.50907,50.17416],[14.51958,50.17488],[14.53248,50.17718],[14.53069,50.16659],[14.53424,50.16157],[14.54235,50.16285],[14.54784,50.16538],[14.56062,50.16201],[14.56323,50.15017],[14.5736,50.14994],[14.58184,50.15143],[14.58932,50.15429],[14.59708,50.15345],[14.59224,50.14735],[14.59127,50.14288],[14.59521,50.13392],[14.60131,50.12914],[14.60457,50.12841]]]},"properties":{"code":"STC","name":"Středočeský kraj"}},
{"type":"Feature","geometry":{"type":"Polygon","coordinates":[[[13.76572,49.51395],[13.76025,49.51052],[13.75341,49.5085],[13.75021,49.50517],[13.75834,49.50216],[13.75832,49.49708],[13.75206,49.49759],[13.74737,49.49546],[13.74781,49.48674],[13.75846,49.48268],[13.76607,49.47731],[13.76632,49.47329],[13.76322,49.47091],[13.76634,49.46801],[13.76175,49.46324],[13.76529,49.45978],[13.76563,49.45396],[13.76761,49.45011],[13.77535,49.44216],[13.77655,49.43838],[13.78304,49.43485],[13.77783,49.43347],[13.77515,49.42831],[13.76796,49.42605],[13.76435,49.41898],[13.76241,49.41182],[13.76438,49.40693],[13.75853,49.40316],[13.76033,49.39813],[13.76497,49.39376],[13.7631,49.38875],[13.77125,49.38473],[13.77124,49.38051],[13.77411,49.37695],[13.78984,49.37099],[13.79042,49.36386],[13.78661,49.36327],[13.78121,49.35928],[13.77931,49.35562],[13.78402,49.35194],[13.77664,49.35001],[13.77008,49.34313],[13.76864,49.33678],[13.76605,49.33276],[13.77127,49.32886],[13.77009,49.3234],[13.7555,49.32508],[13.74975,49.32237],[13.74769,49.31815],[13.73602,49.31605],[13.73381,49.30783],[13.72407,49.31062],[13.72218,49.30702],[13.72734,49.30264],[13.72321,49.29746],[13.72494,49.29287],[13.73511,49.29202],[13.73366,49.28564],[13.73058,49.28504],[13.73088,49.28016],[13.72432,49.27706],[13.71471,49.27827],[13.7127,49.27665],[13.7031,49.27668],[13.70249,49.26896],[13.70761,49.2592],[13.71469,49.25653],[13.72884,49.2573],[13.7195,49.24932],[13.72383,49.24727],[13.72469,49.24265],[13.71395,49.24313],[13.7092,49.2422],[13.70932,49.23632],[13.69914,49.23876],[13.69227,49.23352],[13.6948,49.23204],[13.6888,49.2282],[13.6903,49.22228],[13.69509,49.22153],[13.69936,49.21273],[13.71497,49.20861],[13.71417,49.20068],[13.71988,49.19486],[13.71562,49.19207],[13.70406,49.19323],[13.69823,49.19206],[13.69622,49.18856],[13.69172,49.18716],[13.69026,49.18314],[13.69243,49.17934],[13.69266,49.17014],[13.68966,49.16528],[13.69019,49.16177],[13.68172,49.1642],[13.67763,49.16148],[13.67414,49.16309],[13.66906,49.15953],[13.66008,49.16018],[13.66019,49.15434],[13.6552,49.15248],[13.6534,49.14915],[13.64742,49.14876],[13.64402,49.14404],[13.62975,49.13573],[13.62687,49.14003],[13.61819,49.14065],[13.61327,49.14301],[13.60629,49.14377],[13.60702,49.14712],[13.59486,49.14824],[13.58912,49.14532],[13.59716,49.14366],[13.60041,49.14169],[13.59878,49.13829],[13.59401,49.1348],[13.5895,49.12627],[13.59447,49.12025],[13.59726,49.113],[13.59713,49.10766],[13.58153,49.10604],[13.57941,49.10436],[13.58207,49.09886],[13.58642,49.09427],[13.59388,49.09216],[13.59875,49.08575],[13.59398,49.08076],[13.59853,49.07837],[13.60006,49.07476],[13.60578,49.07074],[13.60646,49.06429],[13.6032,49.0545],[13.59317,49.05011],[13.58483,49.04371],[13.58058,49.04753],[13.56999,49.04882],[13.56309,49.04216],[13.55651,49.03725],[13.55714,49.03183],[13.55333,49.03061],[13.55262,49.02637],[13.54869,49.0242],[13.54317,49.01795],[13.54649,49.01484],[13.54379,49.01162],[13.54658,49.0056],[13.54179,48.9993],[13.53791,48.99774],[13.53949,48.99239],[13.53597,48.98569],[13.54434,48.98038],[13.55019,48.97947],[13.5492,48.97349],[13.5509,48.96763],[13.55713,48.96707],[13.56324,48.9705],[13.56944,48.96651],[13.57499,48.96736],[13.58008,48.97074],[13.58585,48.96804],[13.593,48.96066],[13.58924,48.95463],[13.59782,48.94601],[13.60263,48.94294],[13.61391,48.94432],[13.62158,48.94899],[13.6286,48.94924],[13.63114,48.947],[13.62384,48.94222],[13.62249,48.93881],[13.63131,48.93044],[13.63802,48.92569],[13.63802,48.91923],[13.64143,48.91683],[13.65548,48.89357],[13.66124,48.89441],[13.66964,48.89051],[13.66801,48.88787],[13.67143,48.88014],[13.67594,48.87873],[13.68421,48.87995],[13.68926,48.87823],[13.70069,48.88167],[13.71592,48.87815],[13.72051,48.87905],[13.72779,48.88315],[13.72942,48.88655],[13.73774,48.88445],[13.73719,48.87971],[13.74639,48.87205],[13.75095,48.86621],[13.74912,48.86181],[13.75125,48.85699],[13.75487,48.855],[13.75814,48.84706],[13.76564,48.83758],[13.76419,48.8351],[13.7688,48.83142],[13.77409,48.83053],[13.77908,48.83223],[13.79294,48.83011],[13.7881,48.82576],[13.79456,48.82165],[13.79833,48.81728],[13.79558,48.81485],[13.81499,48.79735],[13.80822,48.78342],[13.80432,48.78086],[13.81317,48.774],[13.83139,48.77079],[13.84408,48.77255],[13.84847,48.76977],[13.85515,48.77138],[13.86187,48.76953],[13.86841,48.76962],[13.87611,48.7666],[13.88921,48.75847],[13.89547,48.75708],[13.90451,48.74985],[13.9102,48.74749],[13.91973,48.74078],[13.92084,48.73702],[13.92629,48.73514],[13.92714,48.73177],[13.94416,48.72245],[13.95454,48.71973],[13.95552,48.71494],[13.95896,48.71371],[13.97018,48.71321],[13.97797,48.70987],[13.98342,48.71084],[14.00328,48.70858],[14.00984,48.70481],[14.01081,48.69963],[14.01457,48.69649],[14.01617,48.69189],[14.02537,48.68909],[14.02598,48.6839],[14.03349,48.67971],[14.03473,48.67727],[14.04397,48.6774],[14.04981,48.67513],[14.05585,48.67555],[14.0594,48.67374],[14.06028,48.66524],[14.05784,48.65774],[14.05294,48.65265],[14.04502,48.6545],[14.03262,48.65436],[14.02454,48.65188],[14.02285,48.64556],[14.01773,48.64365],[14.01131,48.63906],[14.01826,48.6369],[14.02297,48.63071],[14.03819,48.62764],[14.04262,48.62898],[14.04813,48.62737],[14.04564,48.62395],[14.04552,48.61887],[14.0409,48.61742],[14.04898,48.61091],[14.05424,48.60413],[14.06036,48.60634],[14.06771,48.6061],[14.06649,48.59551],[14.07171,48.59965],[14.08624,48.60009],[14.09826,48.59778],[14.09558,48.59224],[14.10635,48.58948],[14.11593,48.58917],[14.13282,48.5975],[14.14033,48.59468],[14.14796,48.59431],[14.15448,48.59587],[14.16301,48.58973],[14.17404,48.59129],[14.17795,48.59307],[14.19526,48.59251],[14.21814,48.58629],[14.2282,48.58522],[14.23731,48.58134],[14.23929,48.57794],[14.24787,48.57804],[14.24934,48.58008],[14.25585,48.5816],[14.27137,48.58115],[14.27885,48.57423],[14.28596,48.57247],[14.29503,48.56839],[14.30439,48.56722],[14.30902,48.56441],[14.322,48.56307],[14.32406,48.56408],[14.32711,48.55407],[14.3332,48.55183],[14.33673,48.55416],[14.34202,48.55457],[14.34469,48.55991],[14.35149,48.56501],[14.35241,48.56889],[14.35791,48.57348],[14.36585,48.57584],[14.36849,48.56983],[14.37614,48.56919],[14.38808,48.57188],[14.39312,48.57737],[14.39146,48.58211],[14.38774,48.58324],[14.38578,48.59192],[14.39106,48.59329],[14.39978,48.59225],[14.40405,48.59332],[14.41544,48.59251],[14.42479,48.58833],[14.43035,48.58853],[14.43548,48.59804],[14.44179,48.60029],[14.44471,48.60842],[14.4486,48.61424],[14.4473,48.61981],[14.4519,48.6247],[14.45594,48.62553],[14.45322,48.63101],[14.44432,48.63976],[14.44376,48.64343],[14.45828,48.64346],[14.46663,48.64615],[14.47122,48.64554],[14.47652,48.63953],[14.48831,48.63348],[14.49236,48.63332],[14.4959,48.62781],[14.49521,48.62233],[14.50399,48.61722],[14.51203,48.61948],[14.5208,48.6186],[14.52454,48.61546],[14.53028,48.61434],[14.54081,48.61483],[14.54756,48.61363],[14.55132,48.61114],[14.55151,48.60771],[14.56206,48.60333],[14.56434,48.6085],[14.56775,48.60876],[14.57585,48.613],[14.5809,48.6169],[14.58979,48.61764],[14.60612,48.62846],[14.61109,48.62785],[14.61736,48.62223],[14.6215,48.61567],[14.62266,48.60891],[14.62637,48.60451],[14.63069,48.60317],[14.64596,48.60989],[14.65385,48.60408],[14.65767,48.5981],[14.66346,48.58196],[14.67112,48.58153],[14.67633,48.58309],[14.68235,48.58267],[14.68773,48.5851],[14.6942,48.58535],[14.7001,48.58287],[14.70775,48.58712],[14.706,48.5909],[14.71128,48.59643],[14.72114,48.60238],[14.71409,48.61745],[14.72212,48.63823],[14.72002,48.63891],[14.71781,48.64956],[14.71236,48.65011],[14.71825,48.66609],[14.72346,48.67572],[14.72714,48.6792],[14.72586,48.68297],[14.72786,48.68841],[14.73104,48.69075],[14.73366,48.69586],[14.74079,48.70132],[14.74826,48.70322],[14.75566,48.70347],[14.75705,48.70933],[14.77254,48.71112],[14.78556,48.71834],[14.78682,48.72147],[14.79308,48.72622],[14.79469,48.72999],[14.80813,48.73388],[14.80049,48.74739],[14.80305,48.75269],[14.8115,48.76145],[14.81078,48.76734],[14.80638,48.77147],[14.8083,48.77745],[14.81317,48.78037],[14.82021,48.78127],[14.82553,48.78385],[14.82928,48.78049],[14.83815,48.78205],[14.84254,48.78397],[14.84532,48.77999],[14.85114,48.77731],[14.86227,48.77711],[14.86939,48.78105],[14.88129,48.78011],[14.88634,48.77599],[14.88475,48.77189],[14.88809,48.77008],[14.89297,48.77239],[14.89927,48.77141],[14.90621,48.767],[14.92049,48.76858],[14.93189,48.76656],[14.9401,48.7613],[14.94818,48.7629],[14.95226,48.76175],[14.95579,48.75809],[14.96052,48.76211],[14.9671,48.76429],[14.97029,48.76725],[14.97555,48.76883],[14.98083,48.77529],[14.98012,48.77915],[14.97369,48.78324],[14.95656,48.7878],[14.95342,48.78954],[14.95558,48.79291],[14.95326,48.79535],[14.96051,48.80453],[14.9574,48.81067],[14.96092,48.8175],[14.9696,48.82383],[14.96751,48.83135],[14.96826,48.8368],[14.97206,48.84227],[14.98452,48.84239],[14.98445,48.84602],[14.97417,48.85497],[14.97226,48.86056],[14.9733,48.86397],[14.97294,48.87465],[14.98382,48.87475],[14.98346,48.89096],[14.98891,48.89102],[14.99292,48.90404],[14.99029,48.90978],[14.99002,48.91588],[14.98594,48.91948],[14.98491,48.92446],[14.97938,48.92754],[14.97943,48.9313],[14.9837,48.93248],[14.98652,48.93592],[14.98465,48.94153],[14.98068,48.94378],[14.97649,48.95583],[14.97782,48.96054],[14.97619,48.97101],[14.97859,48.97892],[14.98452,48.98659],[14.99506,48.99008],[14.99659,48.99712],[15.00081,49.00296],[14.995,49.00535],[14.99063,49.00985],[14.99514,49.01471],[15.00427,49.01242],[15.01146,49.01435],[15.01311,49.01677],[15.02173,49.02047],[15.0283,49.01556],[15.04082,49.01149],[15.05251,49.01529],[15.05868,49.01547],[15.06432,49.01213],[15.06728,49.00625],[15.06441,49.0043],[15.06443,48.99974],[15.07499,48.99814],[15.09202,48.99695],[15.10257,48.99384],[15.10732,48.99881],[15.11518,48.99919],[15.12192,48.99725],[15.12924,48.99757],[15.13418,48.9999],[15.1368,48.99765],[15.14277,48.99704],[15.15627,48.99329],[15.15863,48.98991],[15.15735,48.9846],[15.15297,48.98451],[15.15319,48.97891],[15.16204,48.97771],[15.16307,48.97539],[15.15946,48.9721],[15.16393,48.97079],[15.1683,48.96716],[15.16973,48.96277],[15.16687,48.95858],[15.16243,48.95734],[15.16173,48.95307],[15.15538,48.94614],[15.16354,48.94296],[15.17103,48.94433],[15.17701,48.94769],[15.18925,48.94302],[15.19736,48.94827],[15.20002,48.95221],[15.20531,48.9535],[15.21458,48.95818],[15.22162,48.95849],[15.22445,48.96014],[15.23852,48.95754],[15.2464,48.95951],[15.26006,48.95391],[15.26193,48.95759],[15.26907,48.95827],[15.26715,48.9672],[15.27189,48.96639],[15.2802,48.97702],[15.28183,48.98075],[15.27578,48.98584],[15.27779,48.99461],[15.28948,48.99274],[15.29341,48.98944],[15.29103,48.98432],[15.29689,48.98071],[15.30569,48.97792],[15.31209,48.98075],[15.32173,48.97613],[15.32603,48.97855],[15.33223,48.98483],[15.33605,48.98323],[15.34803,48.98481],[15.35746,48.98215],[15.36697,48.98188],[15.37552,48.97701],[15.38792,48.97272],[15.39366,48.96521],[15.4034,48.96344],[15.41225,48.95663],[15.42327,48.95222],[15.43488,48.94993],[15.44389,48.95101],[15.45051,48.9498],[15.45589,48.94529],[15.46637,48.9515],[15.46938,48.95066],[15.4801,48.9436],[15.48314,48.94372],[15.49001,48.9404],[15.49628,48.93925],[15.50201,48.93597],[15.50321,48.92782],[15.5054,48.92133],[15.51339,48.91412],[15.52795,48.91176],[15.54243,48.90774],[15.5456,48.91484],[15.54864,48.91648],[15.54959,48.92389],[15.55863,48.92418],[15.56309,48.92758],[15.56192,48.9312],[15.56922,48.93189],[15.57264,48.94034],[15.57902,48.94102],[15.58681,48.94696],[15.57366,48.95573],[15.58048,48.96283],[15.5803,48.96575],[15.57253,48.96652],[15.56267,48.96945],[15.55841,48.97203],[15.54908,48.97388],[15.54465,48.97303],[15.52976,48.97407],[15.52085,48.97844],[15.52319,48.98097],[15.52457,48.98873],[15.52814,48.99504],[15.5083,48.99855],[15.50232,48.99258],[15.49759,48.99291],[15.49627,48.98941],[15.48919,48.99288],[15.48728,48.99687],[15.49354,49],[15.4918,49.00492],[15.50423,49.00763],[15.50924,49.01741],[15.51821,49.01578],[15.51678,49.02131],[15.52498,49.02124],[15.53075,49.02661],[15.53021,49.03395],[15.52486,49.03699],[15.52729,49.03929],[15.53925,49.04063],[15.54579,49.04246],[15.54935,49.04991],[15.54314,49.05142],[15.54435,49.05697],[15.54205,49.06046],[15.55024,49.06182],[15.55522,49.06112],[15.55678,49.06685],[15.55167,49.07178],[15.55324,49.07711],[15.57149,49.07089],[15.57552,49.07412],[15.58105,49.07214],[15.58992,49.0722],[15.59779,49.07648],[15.59599,49.08124],[15.58997,49.0845],[15.59925,49.08525],[15.60305,49.08938],[15.58204,49.09828],[15.5902,49.10444],[15.57782,49.1064],[15.56992,49.10506],[15.56556,49.10906],[15.55418,49.11165],[15.5497,49.11476],[15.55966,49.11821],[15.56753,49.11855],[15.56972,49.12187],[15.56683,49.1242],[15.56747,49.1289],[15.55743,49.13011],[15.54832,49.13464],[15.54275,49.13402],[15.53672,49.13549],[15.53581,49.13166],[15.5393,49.12673],[15.53586,49.12468],[15.52995,49.12616],[15.52667,49.12954],[15.51557,49.13129],[15.51196,49.13003],[15.50278,49.11923],[15.49234,49.11945],[15.48418,49.1223],[15.47869,49.12128],[15.46996,49.12282],[15.46839,49.11962],[15.45634,49.12223],[15.44992,49.1282],[15.44127,49.13302],[15.43023,49.12838],[15.42385,49.11764],[15.42157,49.11871],[15.42222,49.1252],[15.41068,49.1278],[15.40626,49.13152],[15.39135,49.13494],[15.38829,49.13424],[15.37947,49.13788],[15.38012,49.14156],[15.3738,49.1487],[15.36655,49.14803],[15.3584,49.15048],[15.3606,49.15523],[15.35522,49.15666],[15.35174,49.15388],[15.34327,49.16689],[15.33722,49.16684],[15.34432,49.17283],[15.34269,49.17923],[15.34827,49.1852],[15.35046,49.19006],[15.34785,49.1935],[15.34919,49.19713],[15.34461,49.1999],[15.34293,49.20455],[15.34569,49.21204],[15.34549,49.21638],[15.34149,49.21833],[15.3312,49.21943],[15.32509,49.21713],[15.31886,49.21917],[15.31244,49.21681],[15.31319,49.21483],[15.30527,49.21343],[15.29737,49.21665],[15.28493,49.21679],[15.28156,49.21112],[15.27129,49.2106],[15.26553,49.21471],[15.25835,49.20945],[15.25467,49.21221],[15.25753,49.2176],[15.24763,49.2205],[15.23118,49.22402],[15.22277,49.22511],[15.21649,49.22797],[15.20742,49.22679],[15.19757,49.23529],[15.19119,49.23587],[15.1906,49.23113],[15.18286,49.2268],[15.17614,49.22124],[15.16652,49.21602],[15.1552,49.21817],[15.15058,49.22116],[15.14127,49.22142],[15.13817,49.22913],[15.13018,49.2413],[15.12373,49.24779],[15.11999,49.24826],[15.10595,49.2459],[15.09981,49.24232],[15.09275,49.24553],[15.08074,49.24774],[15.08386,49.25001],[15.09157,49.2507],[15.09694,49.24874],[15.10187,49.25073],[15.09796,49.25938],[15.10335,49.26081],[15.10525,49.26628],[15.10367,49.27011],[15.06968,49.27342],[15.06391,49.2728],[15.04816,49.28009],[15.04363,49.28392],[15.04429,49.28757],[15.04164,49.29024],[15.03492,49.29161],[15.03538,49.29433],[15.02948,49.29597],[15.01863,49.29086],[15.01594,49.29079],[15.00109,49.28488],[14.99118,49.27502],[14.97839,49.27733],[14.97716,49.28097],[14.96971,49.28786],[14.95684,49.29228],[14.94952,49.29697],[14.94787,49.30424],[14.92417,49.31041],[14.92998,49.31648],[14.9265,49.32097],[14.91863,49.32364],[14.91343,49.32746],[14.90933,49.32805],[14.90574,49.33302],[14.90933,49.33705],[14.90988,49.34067],[14.91521,49.342],[14.9228,49.3514],[14.92866,49.35271],[14.92575,49.35556],[14.92581,49.36255],[14.91513,49.36837],[14.9108,49.36696],[14.88818,49.37596],[14.89198,49.37872],[14.89255,49.39135],[14.89403,49.39338],[14.90154,49.39497],[14.90151,49.39832],[14.9059,49.40482],[14.90535,49.40855],[14.90191,49.41091],[14.91605,49.42469],[14.90967,49.42586],[14.90339,49.42372],[14.90684,49.43123],[14.91134,49.43085],[14.91414,49.43727],[14.91252,49.44363],[14.91975,49.44659],[14.92113,49.45021],[14.92752,49.45636],[14.92483,49.46025],[14.93009,49.46799],[14.91962,49.47231],[14.92603,49.48243],[14.93307,49.48367],[14.92829,49.4881],[14.9287,49.49516],[14.92446,49.50389],[14.91591,49.50813],[14.91275,49.51152],[14.90608,49.5122],[14.90132,49.51451],[14.90622,49.52235],[14.92037,49.52237],[14.92648,49.52402],[14.92821,49.5211],[14.93869,49.52173],[14.94503,49.52763],[14.93953,49.53033],[14.93474,49.5374],[14.92961,49.54078],[14.92846,49.5459],[14.93201,49.54938],[14.92634,49.55042],[14.92536,49.54565],[14.9204,49.54392],[14.91261,49.54579],[14.90988,49.54306],[14.90361,49.54398],[14.90159,49.5483],[14.89516,49.55305],[14.8956,49.55614],[14.88808,49.56033],[14.88276,49.5718],[14.87563,49.5773],[14.8738,49.58138],[14.87722,49.58597],[14.87539,49.5878],[14.86796,49.5881],[14.86227,49.58616],[14.85502,49.5877],[14.84515,49.57613],[14.84052,49.58263],[14.82982,49.58575],[14.82061,49.59166],[14.82037,49.59472],[14.81378,49.60228],[14.80381,49.60123],[14.78698,49.60524],[14.77951,49.60469],[14.77775,49.6088],[14.76812,49.61567],[14.76361,49.61603],[14.76208,49.61281],[14.75618,49.60924],[14.74303,49.60561],[14.74236,49.60138],[14.74646,49.59622],[14.74109,49.59493],[14.72843,49.59687],[14.72938,49.58966],[14.73253,49.58667],[14.72807,49.57926],[14.72299,49.57972],[14.72164,49.56774],[14.72791,49.56765],[14.7291,49.56387],[14.72447,49.56096],[14.73124,49.55911],[14.73768,49.55232],[14.73183,49.54716],[14.72455,49.54781],[14.72188,49.5448],[14.71251,49.5425],[14.69385,49.54429],[14.69252,49.5385],[14.68494,49.53849],[14.67473,49.529],[14.66547,49.52849],[14.66413,49.52534],[14.65853,49.52477],[14.65609,49.51958],[14.64986,49.5178],[14.65643,49.51409],[14.65279,49.51118],[14.65414,49.50807],[14.64803,49.50312],[14.639,49.50547],[14.63813,49.51473],[14.63165,49.51928],[14.62197,49.51935],[14.60974,49.52276],[14.60262,49.5219],[14.59617,49.51895],[14.58263,49.51819],[14.5756,49.52347],[14.58163,49.52621],[14.58912,49.53266],[14.59145,49.53753],[14.59031,49.54364],[14.58526,49.54292],[14.58403,49.53814],[14.57278,49.53316],[14.56255,49.53141],[14.54862,49.53201],[14.53788,49.53478],[14.53476,49.53693],[14.52961,49.53492],[14.51774,49.53481],[14.51079,49.53814],[14.5104,49.54452],[14.50363,49.54376],[14.49701,49.54064],[14.48931,49.54435],[14.47748,49.5461],[14.47586,49.53758],[14.46973,49.53754],[14.46205,49.53229],[14.45636,49.53429],[14.45625,49.53833],[14.44942,49.54176],[14.44331,49.54227],[14.44125,49.54796],[14.43317,49.54761],[14.4279,49.54232],[14.42168,49.54976],[14.41674,49.55407],[14.41256,49.55465],[14.40542,49.55043],[14.40721,49.54229],[14.39783,49.54109],[14.39353,49.54356],[14.38567,49.54266],[14.38466,49.53948],[14.37726,49.53669],[14.3743,49.53316],[14.36779,49.53099],[14.36144,49.53139],[14.35723,49.5294],[14.34677,49.52821],[14.34077,49.53194],[14.33694,49.52901],[14.32775,49.52746],[14.32846,49.53408],[14.33446,49.53919],[14.3264,49.53962],[14.32021,49.54602],[14.31244,49.54598],[14.30371,49.54727],[14.29778,49.54497],[14.29663,49.54829],[14.28971,49.54947],[14.29277,49.55806],[14.28687,49.5615],[14.27467,49.56583],[14.26945,49.5636],[14.26358,49.5678],[14.26001,49.56519],[14.25489,49.56574],[14.24204,49.56161],[14.23429,49.56509],[14.2319,49.56102],[14.22515,49.55963],[14.22705,49.55153],[14.22166,49.54835],[14.22016,49.54383],[14.21509,49.54134],[14.21572,49.53841],[14.2099,49.5362],[14.20958,49.53236],[14.20193,49.53193],[14.2057,49.53689],[14.20051,49.5378],[14.18717,49.53531],[14.18251,49.53587],[14.17983,49.53288],[14.16683,49.53482],[14.15979,49.53314],[14.15375,49.53366],[14.1512,49.53044],[14.1369,49.5344],[14.13371,49.53362],[14.12193,49.53688],[14.12422,49.52836],[14.11835,49.52966],[14.11025,49.52855],[14.10647,49.53254],[14.10078,49.53491],[14.10195,49.52858],[14.07715,49.52968],[14.06659,49.53237],[14.06402,49.53886],[14.06783,49.5425],[14.06689,49.55035],[14.06937,49.55164],[14.06838,49.55731],[14.06181,49.56295],[14.05679,49.55999],[14.04309,49.55854],[14.03893,49.56008],[14.03124,49.55277],[14.02362,49.54909],[14.00977,49.55107],[14.01027,49.54535],[14.01465,49.53978],[14.00991,49.53909],[14.00847,49.53047],[14.00352,49.52835],[14.00249,49.52392],[13.99676,49.51904],[13.98798,49.52767],[13.98314,49.51933],[13.97916,49.51555],[13.97826,49.51168],[13.96701,49.51172],[13.95412,49.51451],[13.95065,49.51803],[13.93886,49.51424],[13.93939,49.50555],[13.92308,49.50197],[13.91767,49.50232],[13.90419,49.50735],[13.89423,49.50858],[13.89987,49.51273],[13.89871,49.51425],[13.88128,49.51294],[13.87859,49.51832],[13.8815,49.52272],[13.87326,49.52491],[13.86361,49.52577],[13.86371,49.52143],[13.85453,49.51652],[13.85293,49.51369],[13.84327,49.51272],[13.82924,49.51922],[13.82699,49.52447],[13.82117,49.52511],[13.8146,49.52405],[13.81255,49.52057],[13.80696,49.51665],[13.79099,49.51908],[13.79106,49.51529],[13.78443,49.50952],[13.78131,49.51061],[13.76833,49.51137],[13.76572,49.51395]]]},"properties":{"code":"JHC","name":"Jihočeský kraj"}},
{"type":"Feature","geometry":{"type":"Polygon","coordinates":[[[13.40676,50.08958],[13.40328,50.08475],[13.3912,50.08229],[13.3744,50.0775],[13.36873,50.07971],[13.3709,50.08915],[13.36258,50.09218],[13.35489,50.09882],[13.35479,50.10437],[13.34828,50.10044],[13.34382,50.10031],[13.33367,50.08661],[13.32487,50.08895],[13.32611,50.09462],[13.32193,50.10105],[13.30175,50.09935],[13.29718,50.09622],[13.29119,50.09929],[13.28708,50.09636],[13.2879,50.0935],[13.27769,50.07901],[13.28065,50.07553],[13.28812,50.07655],[13.29628,50.0738],[13.29907,50.07034],[13.29406,50.06626],[13.29285,50.06023],[13.28045,50.05674],[13.28031,50.05235],[13.27061,50.05349],[13.26347,50.05145],[13.25408,50.05098],[13.25578,50.04688],[13.25159,50.04556],[13.24206,50.04696],[13.23785,50.04879],[13.22873,50.04147],[13.2353,50.04074],[13.23919,50.03263],[13.23846,50.02999],[13.2423,50.02619],[13.23467,50.02094],[13.2293,50.01335],[13.23189,50.00337],[13.23568,49.99963],[13.23337,49.99663],[13.22572,49.99559],[13.20589,50],[13.20016,50.00283],[13.19475,50.00743],[13.18781,50.00984],[13.18441,50.01301],[13.18038,50.01201],[13.17345,50.01862],[13.17082,50.01883],[13.15809,50.02453],[13.14864,50.02421],[13.13166,50.02522],[13.12684,50.0267],[13.11952,50.02248],[13.11199,50.02712],[13.10827,50.0242],[13.1025,50.02667],[13.09803,50.03509],[13.08957,50.02962],[13.08066,50.02553],[13.08511,50.02149],[13.08366,50.01848],[13.07462,50.0178],[13.06968,50.0187],[13.06673,50.01538],[13.06852,50.00915],[13.05655,50.01023],[13.05065,50.00705],[13.0466,50.00214],[13.04125,50.00319],[13.03856,49.99853],[13.03421,49.99613],[13.0262,49.99558],[13.02297,49.99368],[13.02103,49.98829],[13.01395,49.99105],[13.00858,49.9895],[13.0001,49.98924],[13.00092,49.97896],[12.99076,49.98213],[12.98789,49.97676],[12.97383,49.97793],[12.96402,49.97579],[12.95709,49.97306],[12.95654,49.96778],[12.9623,49.96523],[12.96864,49.95418],[12.96163,49.95345],[12.96644,49.94723],[12.96668,49.94364],[12.96201,49.94267],[12.9577,49.93712],[12.95269,49.93847],[12.95011,49.93458],[12.94322,49.93035],[12.93604,49.92786],[12.93571,49.9255],[12.92556,49.92659],[12.92823,49.92084],[12.92159,49.92121],[12.91622,49.92472],[12.90594,49.92938],[12.90527,49.93209],[12.88916,49.93472],[12.88005,49.92972],[12.87674,49.9249],[12.87126,49.92685],[12.8631,49.92751],[12.85299,49.92397],[12.84948,49.92447],[12.85025,49.92909],[12.84435,49.93023],[12.83945,49.93427],[12.83362,49.93254],[12.82295,49.93364],[12.81793,49.93228],[12.81566,49.93838],[12.81046,49.9398],[12.80622,49.93805],[12.7922,49.9378],[12.76927,49.93121],[12.76442,49.93464],[12.75558,49.93051],[12.74238,49.93157],[12.73753,49.92641],[12.73251,49.92365],[12.71971,49.92195],[12.71152,49.92552],[12.70312,49.9253],[12.70984,49.92125],[12.71287,49.91356],[12.70959,49.91165],[12.69459,49.91264],[12.68328,49.91078],[12.68026,49.90873],[12.6803,49.90452],[12.68284,49.89706],[12.68301,49.89149],[12.67578,49.89041],[12.67044,49.89606],[12.66468,49.91102],[12.65844,49.91424],[12.64512,49.91633],[12.63825,49.91492],[12.6234,49.91394],[12.6217,49.91007],[12.61404,49.91013],[12.60937,49.90599],[12.61189,49.899],[12.60048,49.89977],[12.59339,49.89491],[12.58941,49.89869],[12.5798,49.90381],[12.57355,49.9036],[12.56426,49.90155],[12.5601,49.90354],[12.5507,49.90529],[12.55003,49.90154],[12.53988,49.89123],[12.53546,49.89081],[12.52161,49.88169],[12.51873,49.87715],[12.51858,49.86907],[12.51461,49.86197],[12.51097,49.85855],[12.49786,49.85694],[12.49744,49.85154],[12.49911,49.84733],[12.49802,49.83762],[12.48324,49.84194],[12.47598,49.83729],[12.47306,49.83367],[12.47624,49.82489],[12.47336,49.8151],[12.46726,49.81306],[12.46401,49.81005],[12.4705,49.80233],[12.47055,49.79952],[12.46577,49.79667],[12.46661,49.79406],[12.47489,49.79018],[12.47243,49.78734],[12.46719,49.78575],[12.40311,49.76186],[12.40056,49.75381],[12.40536,49.74877],[12.4058,49.7403],[12.41246,49.73593],[12.414,49.73203],[12.4257,49.73057],[12.42938,49.72015],[12.44009,49.70584],[12.4473,49.70209],[12.45733,49.70203],[12.4628,49.69959],[12.48405,49.69399],[12.48513,49.68788],[12.49138,49.68602],[12.5002,49.68644],[12.50525,49.68518],[12.51468,49.68785],[12.52136,49.68673],[12.52307,49.67602],[12.52997,49.66609],[12.52256,49.66071],[12.52496,49.65381],[12.51829,49.64744],[12.51829,49.6431],[12.52429,49.64233],[12.52847,49.63813],[12.5226,49.6338],[12.52386,49.62772],[12.53429,49.62609],[12.52691,49.62226],[12.5281,49.6181],[12.53605,49.61791],[12.54579,49.62126],[12.56074,49.61961],[12.55762,49.61636],[12.55735,49.61258],[12.56156,49.61018],[12.56362,49.60447],[12.56408,49.59676],[12.57668,49.58635],[12.57423,49.58113],[12.57382,49.57496],[12.57098,49.56885],[12.57422,49.56441],[12.57405,49.55982],[12.58039,49.55567],[12.58358,49.54953],[12.59065,49.54376],[12.59492,49.54172],[12.58854,49.53848],[12.60214,49.53243],[12.61891,49.52933],[12.62077,49.52659],[12.62859,49.52701],[12.63217,49.53201],[12.63794,49.5312],[12.6442,49.52142],[12.64214,49.51787],[12.64382,49.51034],[12.64042,49.50385],[12.6398,49.49907],[12.64384,49.49445],[12.64399,49.48421],[12.63572,49.48008],[12.6371,49.47597],[12.64166,49.46993],[12.64854,49.46828],[12.65798,49.45034],[12.65581,49.44924],[12.65818,49.43914],[12.6559,49.43476],[12.67937,49.4261],[12.7087,49.42476],[12.71364,49.41978],[12.71481,49.41413],[12.73304,49.40988],[12.75767,49.3948],[12.7611,49.38253],[12.75807,49.37524],[12.76843,49.36537],[12.77714,49.36397],[12.78236,49.35922],[12.77864,49.35524],[12.7787,49.34816],[12.7906,49.34422],[12.80309,49.34163],[12.83724,49.34073],[12.84768,49.34439],[12.85339,49.33812],[12.85671,49.33922],[12.86549,49.33688],[12.87691,49.33248],[12.88785,49.33392],[12.88534,49.34031],[12.88099,49.34351],[12.88001,49.35041],[12.88991,49.35066],[12.89607,49.34897],[12.906,49.34868],[12.91932,49.34345],[12.92758,49.34489],[12.9359,49.34267],[12.94284,49.34417],[12.95003,49.34291],[12.95844,49.33674],[12.964,49.33712],[12.97263,49.33386],[12.97646,49.32996],[12.98863,49.3238],[12.9914,49.31922],[13.00085,49.31427],[13.00487,49.31091],[13.00573,49.30719],[13.0118,49.3052],[13.02911,49.30433],[13.03042,49.28759],[13.02554,49.27876],[13.03398,49.26393],[13.04082,49.26456],[13.05498,49.26403],[13.05808,49.26035],[13.05671,49.25679],[13.06041,49.25021],[13.06784,49.24963],[13.07374,49.24645],[13.08061,49.24747],[13.08694,49.24073],[13.08907,49.23498],[13.08621,49.22912],[13.09402,49.225],[13.10053,49.22377],[13.11287,49.21933],[13.11476,49.21556],[13.10989,49.20313],[13.1172,49.19918],[13.1286,49.19705],[13.1373,49.19075],[13.1418,49.18967],[13.14863,49.18202],[13.1536,49.18017],[13.16175,49.17479],[13.1709,49.17362],[13.17417,49.17036],[13.1769,49.16423],[13.17405,49.15658],[13.17296,49.14985],[13.17029,49.14401],[13.18278,49.13449],[13.19154,49.1304],[13.20553,49.12218],[13.20898,49.12182],[13.23641,49.1137],[13.25758,49.11803],[13.2764,49.12048],[13.28232,49.12049],[13.28918,49.11864],[13.31271,49.10449],[13.31666,49.10421],[13.32428,49.10033],[13.32771,49.09609],[13.33608,49.09379],[13.3393,49.09019],[13.34418,49.08889],[13.34641,49.08207],[13.35489,49.07815],[13.35789,49.0738],[13.36453,49.06939],[13.37186,49.06618],[13.37456,49.06],[13.37809,49.05723],[13.38466,49.05663],[13.38634,49.05282],[13.39218,49.05434],[13.39737,49.05066],[13.39696,49.04422],[13.39217,49.04107],[13.39966,49.03707],[13.40187,49.02896],[13.40583,49.02385],[13.40266,49.02149],[13.40029,49.01567],[13.40298,49.01064],[13.40857,49.00725],[13.40941,49.00322],[13.40227,48.99444],[13.40272,48.98722],[13.41748,48.97948],[13.42458,48.97728],[13.42618,48.97249],[13.43388,48.97154],[13.44298,48.96583],[13.45863,48.96285],[13.46913,48.95443],[13.48369,48.95096],[13.48434,48.94832],[13.49438,48.94183],[13.50823,48.94215],[13.50829,48.95106],[13.50586,48.95991],[13.50707,48.96911],[13.51589,48.96874],[13.52927,48.97405],[13.53723,48.97251],[13.54336,48.96802],[13.5509,48.96763],[13.5492,48.97349],[13.55019,48.97947],[13.54434,48.98038],[13.53597,48.98569],[13.53949,48.99239],[13.53791,48.99774],[13.54179,48.9993],[13.54658,49.0056],[13.54379,49.01162],[13.54649,49.01484],[13.54317,49.01795],[13.54869,49.0242],[13.55262,49.02637],[13.55333,49.03061],[13.55714,49.03183],[13.55651,49.03725],[13.56309,49.04216],[13.56999,49.04882],[13.58058,49.04753],[13.58483,49.04371],[13.59317,49.05011],[13.6032,49.0545],[13.60646,49.06429],[13.60578,49.07074],[13.60006,49.07476],[13.59853,49.07837],[13.59398,49.08076],[13.59875,49.08575],[13.59388,49.09216],[13.58642,49.09427],[13.58207,49.09886],[13.57941,49.10436],[13.58153,49.10604],[13.59713,49.10766],[13.59726,49.113],[13.59447,49.12025],[13.5895,49.12627],[13.59401,49.1348],[13.59878,49.13829],[13.60041,49.14169],[13.59716,49.14366],[13.58912,49.14532],[13.59486,49.14824],[13.60702,49.14712],[13.60629,49.14377],[13.61327,49.14301],[13.61819,49.14065],[13.62687,49.14003],[13.62975,49.13573],[13.64402,49.14404],[13.64742,49.14876],[13.6534,49.14915],[13.6552,49.15248],[13.66019,49.15434],[13.66008,49.16018],[13.66906,49.15953],[13.67414,49.16309],[13.67763,49.16148],[13.68172,49.1642],[13.69019,49.16177],[13.68966,49.16528],[13.69266,49.17014],[13.69243,49.17934],[13.69026,49.18314],[13.69172,49.18716],[13.69622,49.18856],[13.69823,49.19206],[13.70406,49.19323],[13.71562,49.19207],[13.71988,49.19486],[13.71417,49.20068],[13.71497,49.20861],[13.69936,49.21273],[13.69509,49.22153],[13.6903,49.22228],[13.6888,49.2282],[13.6948,49.23204],[13.69227,49.23352],[13.69914,49.23876],[13.70932,49.23632],[13.7092,49.2422],[13.71395,49.24313],[13.72469,49.24265],[13.72383,49.24727],[13.7195,49.24932],[13.72884,49.2573],[13.71469,49.25653],[13.70761,49.2592],[13.70249,49.26896],[13.7031,49.27668],[13.7127,49.27665],[13.71471,49.27827],[13.72432,49.27706],[13.73088,49.28016],[13.73058,49.28504],[13.73366,49.28564],[13.73511,49.29202],[13.72494,49.29287],[13.72321,49.29746],[13.72734,49.30264],[13.72218,49.30702],[13.72407,49.31062],[13.73381,49.30783],[13.73602,49.31605],[13.74769,49.31815],[13.74975,49.32237],[13.7555,49.32508],[13.77009,49.3234],[13.77127,49.32886],[13.76605,49.33276],[13.76864,49.33678],[13.77008,49.34313],[13.77664,49.35001],[13.78402,49.35194],[13.77931,49.35562],[13.78121,49.35928],[13.78661,49.36327],[13.79042,49.36386],[13.78984,49.37099],[13.77411,49.37695],[13.77124,49.38051],[13.77125,49.38473],[13.7631,49.38875],[13.76497,49.39376],[13.76033,49.39813],[13.75853,49.40316],[13.76438,49.40693],[13.76241,49.41182],[13.76435,49.41898],[13.76796,49.42605],[13.77515,49.42831],[13.77783,49.43347],[13.78304,49.43485],[13.77655,49.43838],[13.77535,49.44216],[13.76761,49.45011],[13.76563,49.45396],[13.76529,49.45978],[13.76175,49.46324],[13.76634,49.46801],[13.76322,49.47091],[13.76632,49.47329],[13.76607,49.47731],[13.75846,49.48268],[13.74781,49.48674],[13.74737,49.49546],[13.75206,49.49759],[13.75832,49.49708],[13.75834,49.50216],[13.75021,49.50517],[13.75341,49.5085],[13.76025,49.51052],[13.76572,49.51395],[13.77115,49.52855],[13.7722,49.53653],[13.76295,49.53771],[13.76492,49.54626],[13.75604,49.54836],[13.74813,49.55246],[13.74227,49.55144],[13.74506,49.5603],[13.73917,49.56182],[13.74183,49.56704],[13.74024,49.56978],[13.74357,49.57597],[13.74049,49.58074],[13.73965,49.58649],[13.7456,49.58892],[13.75161,49.59591],[13.75002,49.59974],[13.75057,49.60552],[13.74728,49.61004],[13.75387,49.61491],[13.7533,49.62126],[13.7479,49.62311],[13.75355,49.6268],[13.75197,49.63249],[13.75981,49.6379],[13.76152,49.6356],[13.76885,49.63477],[13.77273,49.63873],[13.76677,49.64339],[13.76383,49.65456],[13.76766,49.66115],[13.771,49.66099],[13.77645,49.67019],[13.78561,49.67075],[13.79325,49.67721],[13.78718,49.68149],[13.80647,49.69294],[13.81211,49.69212],[13.82462,49.68641],[13.82608,49.69076],[13.83554,49.69368],[13.84033,49.69657],[13.83845,49.70379],[13.81757,49.74745],[13.82016,49.75277],[13.81285,49.76095],[13.8076,49.76111],[13.79794,49.76559],[13.79134,49.76185],[13.7816,49.75983],[13.78208,49.76575],[13.79445,49.76885],[13.79659,49.77136],[13.79689,49.77837],[13.79988,49.78146],[13.79719,49.78668],[13.79244,49.79007],[13.7931,49.79235],[13.78957,49.79697],[13.78913,49.80149],[13.80351,49.8043],[13.80222,49.80778],[13.80611,49.81237],[13.80687,49.82154],[13.80012,49.82216],[13.797,49.82979],[13.80644,49.83665],[13.80177,49.84327],[13.8116,49.85384],[13.80791,49.85929],[13.81042,49.8611],[13.8098,49.86702],[13.81902,49.86836],[13.83431,49.86769],[13.82816,49.87835],[13.82684,49.88256],[13.828,49.89035],[13.82385,49.895],[13.82333,49.90461],[13.81935,49.90586],[13.81873,49.91179],[13.82182,49.91321],[13.82119,49.92378],[13.82996,49.92571],[13.83034,49.92749],[13.81763,49.92655],[13.80881,49.92725],[13.80085,49.9305],[13.79751,49.93352],[13.7911,49.93544],[13.78657,49.94032],[13.78282,49.94139],[13.77784,49.93947],[13.76108,49.94355],[13.7543,49.94058],[13.7488,49.93979],[13.74339,49.94106],[13.74479,49.94416],[13.75078,49.94516],[13.74862,49.94963],[13.75261,49.9581],[13.749,49.9606],[13.74804,49.96606],[13.73867,49.96368],[13.73028,49.96666],[13.71835,49.96696],[13.70956,49.9658],[13.70267,49.96199],[13.6992,49.96684],[13.6984,49.97314],[13.69191,49.97838],[13.68709,49.97887],[13.68376,49.97664],[13.67914,49.97773],[13.66942,49.98753],[13.66732,49.99716],[13.65885,49.99822],[13.65643,50.00178],[13.64515,50.00277],[13.64047,49.99866],[13.63081,50.00029],[13.63113,49.99584],[13.62383,49.99378],[13.6106,49.99243],[13.59318,49.99362],[13.58958,49.99258],[13.57539,49.9946],[13.56869,49.99446],[13.56798,49.99756],[13.56229,49.99937],[13.56127,50.00218],[13.55336,50.00902],[13.54509,50.01069],[13.54331,50.01299],[13.53146,50.01376],[13.52135,50.01326],[13.51577,50.02084],[13.50788,50.02023],[13.50157,50.02256],[13.50187,50.02686],[13.50708,50.02829],[13.50836,50.03121],[13.53187,50.03041],[13.53358,50.03216],[13.52265,50.03422],[13.52054,50.04056],[13.51442,50.04157],[13.49742,50.03924],[13.49318,50.03377],[13.48727,50.03214],[13.48109,50.03411],[13.47187,50.03903],[13.4607,50.04048],[13.4547,50.04005],[13.44521,50.04157],[13.44507,50.03858],[13.44117,50.03425],[13.43558,50.0319],[13.43462,50.0277],[13.42416,50.02814],[13.42312,50.03449],[13.41539,50.03472],[13.39848,50.03268],[13.39776,50.03789],[13.40066,50.03948],[13.4026,50.04608],[13.40878,50.04846],[13.40994,50.05414],[13.41399,50.05742],[13.41379,50.06236],[13.42061,50.06053],[13.42953,50.06095],[13.42632,50.06692],[13.42991,50.07027],[13.42786,50.07412],[13.42018,50.07667],[13.4157,50.08334],[13.41024,50.08037],[13.40715,50.08168],[13.40904,50.08863],[13.40676,50.08958]]]},"properties":{"code":"PLK","name":"Plzeňský kraj"}},
{"type":"Feature","geometry":{"type":"Polygon","coordinates":[[[13.30175,50.09935],[13.29847,50.10262],[13.29651,50.11253],[13.28976,50.11812],[13.2794,50.12059],[13.27921,50.1236],[13.27388,50.12812],[13.26747,50.12867],[13.2569,50.12602],[13.24828,50.12525],[13.23858,50.1289],[13.23231,50.13477],[13.23728,50.13746],[13.23923,50.14156],[13.24404,50.14144],[13.25285,50.14475],[13.26194,50.14234],[13.26582,50.14319],[13.2752,50.13798],[13.28421,50.14455],[13.27368,50.15101],[13.26674,50.15298],[13.26743,50.15609],[13.27413,50.15907],[13.28173,50.1577],[13.28532,50.16166],[13.28712,50.16812],[13.27398,50.16857],[13.27797,50.17177],[13.2796,50.17636],[13.2744,50.18561],[13.26423,50.19229],[13.25017,50.19544],[13.25241,50.199],[13.24904,50.20642],[13.24226,50.20681],[13.24008,50.21178],[13.23429,50.21144],[13.23063,50.21484],[13.22393,50.21411],[13.21878,50.21731],[13.24123,50.22334],[13.25053,50.22042],[13.2512,50.22555],[13.24555,50.23267],[13.2388,50.23295],[13.23378,50.2315],[13.22632,50.23525],[13.22235,50.24189],[13.22415,50.24589],[13.23594,50.24614],[13.23797,50.24865],[13.23699,50.25295],[13.23333,50.25655],[13.23257,50.26306],[13.22976,50.26287],[13.23132,50.27334],[13.22348,50.27305],[13.21424,50.27547],[13.22009,50.27788],[13.22099,50.28213],[13.21103,50.28186],[13.20265,50.27985],[13.20284,50.28277],[13.21895,50.28387],[13.22431,50.28981],[13.22314,50.29428],[13.22933,50.29723],[13.23441,50.29647],[13.23393,50.30291],[13.22895,50.30379],[13.22816,50.30659],[13.22056,50.31289],[13.22443,50.31698],[13.23744,50.32539],[13.23243,50.33177],[13.23695,50.33482],[13.23494,50.33771],[13.22954,50.33811],[13.22559,50.34282],[13.22605,50.34535],[13.22051,50.35275],[13.20768,50.35444],[13.21065,50.35714],[13.20842,50.36143],[13.19395,50.35322],[13.19106,50.35435],[13.17787,50.35402],[13.1696,50.35212],[13.15596,50.3544],[13.14975,50.35727],[13.14037,50.35739],[13.13354,50.35998],[13.12433,50.35496],[13.12223,50.3512],[13.11753,50.35028],[13.11221,50.35304],[13.10333,50.35394],[13.09804,50.35699],[13.09895,50.36567],[13.10245,50.36963],[13.10772,50.36996],[13.10789,50.37344],[13.10423,50.37506],[13.09876,50.38173],[13.09485,50.38247],[13.08066,50.38042],[13.07485,50.38615],[13.06954,50.38962],[13.06691,50.38652],[13.05506,50.38834],[13.0462,50.38852],[13.04424,50.38541],[13.0318,50.38791],[13.02384,50.39182],[13.02145,50.39572],[12.99607,50.39071],[12.98793,50.39336],[12.97429,50.3893],[12.96892,50.39789],[12.96409,50.40094],[12.95882,50.40135],[12.94819,50.40471],[12.94441,50.40408],[12.93613,50.40705],[12.9348,50.41274],[12.92478,50.41629],[12.91224,50.42384],[12.90591,50.42215],[12.90138,50.42359],[12.89463,50.42974],[12.88001,50.43581],[12.87279,50.43769],[12.85979,50.44379],[12.8491,50.44751],[12.83761,50.45408],[12.82155,50.45906],[12.81766,50.45087],[12.80723,50.44464],[12.80816,50.43896],[12.81115,50.43648],[12.8105,50.4309],[12.80249,50.43941],[12.79486,50.44943],[12.77571,50.44335],[12.73447,50.43234],[12.72974,50.42165],[12.7207,50.41758],[12.70755,50.40795],[12.70904,50.40209],[12.70473,50.39857],[12.69687,50.40088],[12.69291,50.40536],[12.68188,50.4096],[12.67606,50.4155],[12.67078,50.41629],[12.66249,50.4123],[12.64408,50.41062],[12.62668,50.4163],[12.61962,50.41547],[12.60939,50.41159],[12.60328,50.4065],[12.59649,50.40562],[12.59284,50.40745],[12.58015,50.40715],[12.57477,50.4033],[12.55823,50.39935],[12.539,50.39849],[12.53395,50.39979],[12.5292,50.39701],[12.51258,50.3965],[12.50875,50.39078],[12.50226,50.38625],[12.49596,50.37899],[12.4889,50.37455],[12.48644,50.36976],[12.48828,50.36736],[12.48754,50.36224],[12.49263,50.35622],[12.48955,50.3498],[12.48396,50.34701],[12.46934,50.35481],[12.46027,50.35164],[12.45851,50.34848],[12.44967,50.34637],[12.44237,50.342],[12.43496,50.3326],[12.43719,50.32777],[12.43096,50.32272],[12.42428,50.32455],[12.40904,50.32323],[12.40467,50.32405],[12.39838,50.32143],[12.4007,50.31597],[12.39833,50.30796],[12.40304,50.30076],[12.40054,50.29488],[12.39415,50.28959],[12.38197,50.28894],[12.37068,50.28511],[12.3691,50.2815],[12.36503,50.28042],[12.35965,50.27353],[12.36162,50.27009],[12.35193,50.26114],[12.35046,50.25333],[12.35873,50.24387],[12.34885,50.23703],[12.33547,50.24247],[12.32815,50.23467],[12.33269,50.234],[12.32919,50.22528],[12.33499,50.22131],[12.3347,50.21729],[12.32673,50.21852],[12.32714,50.21001],[12.32335,50.20728],[12.32781,50.20129],[12.33825,50.19213],[12.33629,50.18873],[12.32991,50.18632],[12.32586,50.18074],[12.32698,50.17645],[12.3374,50.17354],[12.33224,50.17144],[12.32682,50.1728],[12.31812,50.17195],[12.30345,50.17543],[12.29525,50.17465],[12.29044,50.17679],[12.29216,50.18034],[12.28926,50.18607],[12.27749,50.19166],[12.27465,50.19655],[12.27771,50.19947],[12.28541,50.20132],[12.28849,50.20387],[12.28301,50.2091],[12.28253,50.21312],[12.29386,50.22103],[12.28528,50.22316],[12.28685,50.22531],[12.28001,50.22885],[12.27497,50.23324],[12.26712,50.23183],[12.25496,50.23678],[12.2537,50.2403],[12.23908,50.24698],[12.24165,50.25084],[12.24588,50.251],[12.25022,50.25511],[12.25495,50.25114],[12.26594,50.25018],[12.26461,50.25375],[12.26615,50.25885],[12.26146,50.2613],[12.25384,50.27098],[12.24686,50.26817],[12.23138,50.2712],[12.21316,50.27012],[12.20133,50.27284],[12.20216,50.28801],[12.19509,50.29334],[12.1995,50.30672],[12.19401,50.30984],[12.18684,50.31168],[12.18277,50.31754],[12.18461,50.32222],[12.17464,50.32282],[12.16197,50.32152],[12.14659,50.32191],[12.13043,50.31905],[12.1248,50.31531],[12.11379,50.3165],[12.11551,50.32046],[12.10992,50.32041],[12.10653,50.32247],[12.10081,50.31803],[12.10489,50.31457],[12.11161,50.31407],[12.12169,50.31039],[12.12627,50.30637],[12.1196,50.29986],[12.12351,50.29032],[12.13592,50.28382],[12.13566,50.28101],[12.14006,50.27784],[12.13829,50.27502],[12.12676,50.26967],[12.10977,50.26647],[12.10073,50.26006],[12.10233,50.25553],[12.09059,50.2524],[12.09759,50.24639],[12.1066,50.2466],[12.1089,50.23801],[12.12156,50.23504],[12.12781,50.23227],[12.13661,50.23176],[12.14951,50.23622],[12.15181,50.23431],[12.14538,50.23039],[12.15461,50.22866],[12.15867,50.22573],[12.16032,50.21978],[12.16397,50.21796],[12.15787,50.21453],[12.16161,50.21169],[12.17538,50.21284],[12.17857,50.20584],[12.18422,50.20509],[12.19161,50.19867],[12.18951,50.19466],[12.20119,50.18864],[12.2039,50.18073],[12.20828,50.17436],[12.20874,50.16868],[12.21597,50.16821],[12.21139,50.15891],[12.2008,50.15267],[12.20348,50.15055],[12.19853,50.14373],[12.19516,50.14317],[12.1946,50.13767],[12.19736,50.12621],[12.19634,50.1229],[12.20259,50.11536],[12.19955,50.11096],[12.20613,50.10706],[12.21116,50.10164],[12.22149,50.10378],[12.22912,50.10212],[12.22738,50.09757],[12.23357,50.09414],[12.24317,50.09689],[12.24608,50.0924],[12.25347,50.09004],[12.25297,50.0874],[12.26336,50.08156],[12.26682,50.07844],[12.27475,50.07679],[12.27072,50.07226],[12.26148,50.06515],[12.26099,50.05844],[12.27246,50.06125],[12.27814,50.0577],[12.28359,50.05644],[12.29902,50.05861],[12.31728,50.05337],[12.31919,50.04871],[12.31572,50.04603],[12.32242,50.04103],[12.32553,50.03703],[12.32453,50.03382],[12.32885,50.03219],[12.33346,50.0348],[12.33787,50.03966],[12.34825,50.03595],[12.34904,50.03208],[12.35985,50.02441],[12.36211,50.02478],[12.36746,50.01942],[12.37521,50.01916],[12.37971,50.01389],[12.3866,50.01248],[12.39825,50.01416],[12.3974,50.00897],[12.40639,50.00541],[12.41463,50.00457],[12.42384,50.00058],[12.43165,50.00251],[12.43527,49.99842],[12.4353,49.9935],[12.42835,49.99246],[12.4314,49.9847],[12.44319,49.98796],[12.46074,49.99488],[12.46716,49.99282],[12.47085,49.9867],[12.47544,49.98382],[12.47661,49.98074],[12.48996,49.9816],[12.49435,49.97593],[12.49956,49.97205],[12.49402,49.96986],[12.49404,49.96665],[12.49056,49.9586],[12.48158,49.9583],[12.47818,49.95673],[12.47488,49.95188],[12.47045,49.94885],[12.47009,49.94579],[12.47493,49.93852],[12.47834,49.93554],[12.49432,49.93679],[12.49302,49.93316],[12.49829,49.93249],[12.50378,49.92963],[12.51212,49.92758],[12.52233,49.92769],[12.53855,49.92484],[12.54768,49.9205],[12.54904,49.9132],[12.55121,49.90931],[12.5507,49.90529],[12.5601,49.90354],[12.56426,49.90155],[12.57355,49.9036],[12.5798,49.90381],[12.58941,49.89869],[12.59339,49.89491],[12.60048,49.89977],[12.61189,49.899],[12.60937,49.90599],[12.61404,49.91013],[12.6217,49.91007],[12.6234,49.91394],[12.63825,49.91492],[12.64512,49.91633],[12.65844,49.91424],[12.66468,49.91102],[12.67044,49.89606],[12.67578,49.89041],[12.68301,49.89149],[12.68284,49.89706],[12.6803,49.90452],[12.68026,49.90873],[12.68328,49.91078],[12.69459,49.91264],[12.70959,49.91165],[12.71287,49.91356],[12.70984,49.92125],[12.70312,49.9253],[12.71152,49.92552],[12.71971,49.92195],[12.73251,49.92365],[12.73753,49.92641],[12.74238,49.93157],[12.75558,49.93051],[12.76442,49.93464],[12.76927,49.93121],[12.7922,49.9378],[12.80622,49.93805],[12.81046,49.9398],[12.81566,49.93838],[12.81793,49.93228],[12.82295,49.93364],[12.83362,49.93254],[12.83945,49.93427],[12.84435,49.93023],[12.85025,49.92909],[12.84948,49.92447],[12.85299,49.92397],[12.8631,49.92751],[12.87126,49.92685],[12.87674,49.9249],[12.88005,49.92972],[12.88916,49.93472],[12.90527,49.93209],[12.90594,49.92938],[12.91622,49.92472],[12.92159,49.92121],[12.92823,49.92084],[12.92556,49.92659],[12.93571,49.9255],[12.93604,49.92786],[12.94322,49.93035],[12.95011,49.93458],[12.95269,49.93847],[12.9577,49.93712],[12.96201,49.94267],[12.96668,49.94364],[12.96644,49.94723],[12.96163,49.95345],[12.96864,49.95418],[12.9623,49.96523],[12.95654,49.96778],[12.95709,49.97306],[12.96402,49.97579],[12.97383,49.97793],[12.98789,49.97676],[12.99076,49.98213],[13.00092,49.97896],[13.0001,49.98924],[13.00858,49.9895],[13.01395,49.99105],[13.02103,49.98829],[13.02297,49.99368],[13.0262,49.99558],[13.03421,49.99613],[13.03856,49.99853],[13.04125,50.00319],[13.0466,50.00214],[13.05065,50.00705],[13.05655,50.01023],[13.06852,50.00915],[13.06673,50.01538],[13.06968,50.0187],[13.07462,50.0178],[13.08366,50.01848],[13.08511,50.02149],[13.08066,50.02553],[13.08957,50.02962],[13.09803,50.03509],[13.1025,50.02667],[13.10827,50.0242],[13.11199,50.02712],[13.11952,50.02248],[13.12684,50.0267],[13.13166,50.02522],[13.14864,50.02421],[13.15809,50.02453],[13.17082,50.01883],[13.17345,50.01862],[13.18038,50.01201],[13.18441,50.01301],[13.18781,50.00984],[13.19475,50.00743],[13.20016,50.00283],[13.20589,50],[13.22572,49.99559],[13.23337,49.99663],[13.23568,49.99963],[13.23189,50.00337],[13.2293,50.01335],[13.23467,50.02094],[13.2423,50.02619],[13.23846,50.02999],[13.23919,50.03263],[13.2353,50.04074],[13.22873,50.04147],[13.23785,50.04879],[13.24206,50.04696],[13.25159,50.04556],[13.25578,50.04688],[13.25408,50.05098],[13.26347,50.05145],[13.27061,50.05349],[13.28031,50.05235],[13.28045,50.05674],[13.29285,50.06023],[13.29406,50.06626],[13.29907,50.07034],[13.29628,50.0738],[13.28812,50.07655],[13.28065,50.07553],[13.27769,50.07901],[13.2879,50.0935],[13.28708,50.09636],[13.29119,50.09929],[13.29718,50.09622],[13.30175,50.09935]]]},"properties":{"code":"KVK","name":"Karlovarský kraj"}},
{"type":"Feature","geometry":{"type":"Polygon","coordinates":[[[14.48643,50.50499],[14.47982,50.51389],[14.47647,50.5159],[14.4757,50.52306],[14.46934,50.52699],[14.45872,50.52683],[14.4549,50.52835],[14.44779,50.5283],[14.43983,50.53006],[14.44135,50.53252],[14.43706,50.53495],[14.43929,50.54124],[14.43493,50.54595],[14.43194,50.54584],[14.42531,50.55471],[14.41838,50.55617],[14.42069,50.5593],[14.41534,50.56571],[14.41613,50.56831],[14.41183,50.57345],[14.41189,50.57621],[14.40514,50.58399],[14.40552,50.58735],[14.39888,50.59003],[14.39147,50.59132],[14.39036,50.59548],[14.3862,50.59939],[14.38,50.60098],[14.38298,50.60428],[14.382,50.60977],[14.3771,50.61564],[14.36807,50.6201],[14.3698,50.62318],[14.35903,50.62828],[14.36596,50.63582],[14.36587,50.63885],[14.35957,50.65052],[14.3626,50.65669],[14.35272,50.65579],[14.34264,50.65838],[14.34271,50.66681],[14.35165,50.67734],[14.36383,50.68309],[14.37408,50.68676],[14.37895,50.69083],[14.37709,50.69371],[14.36745,50.69808],[14.36834,50.70587],[14.37252,50.70777],[14.3724,50.71439],[14.37621,50.72083],[14.39001,50.72292],[14.4041,50.72641],[14.41418,50.73792],[14.41649,50.73149],[14.42771,50.73366],[14.43116,50.73638],[14.41682,50.74136],[14.41837,50.74837],[14.42219,50.74986],[14.4275,50.7605],[14.42758,50.76672],[14.43851,50.77322],[14.44837,50.77094],[14.45146,50.7744],[14.45762,50.77759],[14.45734,50.78009],[14.44832,50.78423],[14.44965,50.78771],[14.45853,50.79265],[14.45103,50.79599],[14.45038,50.8006],[14.45226,50.80693],[14.44695,50.80856],[14.45005,50.81393],[14.4602,50.80927],[14.46725,50.81437],[14.47618,50.81627],[14.48092,50.81443],[14.48509,50.81032],[14.49423,50.81158],[14.50669,50.80553],[14.50967,50.80107],[14.5179,50.79846],[14.52323,50.79871],[14.52682,50.79546],[14.53506,50.79695],[14.53993,50.79565],[14.5489,50.79687],[14.5607,50.79982],[14.56333,50.80775],[14.55947,50.81432],[14.56316,50.81689],[14.56464,50.82116],[14.5632,50.82607],[14.57032,50.82904],[14.56683,50.83575],[14.56983,50.83901],[14.59202,50.8378],[14.60833,50.8433],[14.60965,50.84648],[14.61892,50.85776],[14.6192,50.86499],[14.62423,50.86857],[14.62467,50.87119],[14.63438,50.88853],[14.63626,50.89721],[14.63874,50.89974],[14.65282,50.90606],[14.65169,50.9117],[14.65228,50.92591],[14.6502,50.93152],[14.63821,50.92981],[14.62817,50.92549],[14.61709,50.92557],[14.61282,50.92254],[14.59899,50.91967],[14.59339,50.91635],[14.58873,50.91688],[14.5831,50.91417],[14.57788,50.91594],[14.56494,50.91823],[14.56051,50.92508],[14.56627,50.93014],[14.572,50.93752],[14.58124,50.942],[14.58533,50.95167],[14.59616,50.96273],[14.59358,50.96627],[14.59722,50.96989],[14.59907,50.98718],[14.59317,50.98779],[14.58156,50.99353],[14.57874,51.00036],[14.5664,51.00614],[14.56455,51.01017],[14.55878,51.00715],[14.53476,51.00374],[14.5326,51.00576],[14.53848,51.01254],[14.53219,51.01658],[14.52522,51.01861],[14.4986,51.02209],[14.50229,51.03318],[14.5086,51.04271],[14.50017,51.04655],[14.49077,51.04356],[14.49422,51.03628],[14.49272,51.02341],[14.4869,51.02352],[14.47441,51.02554],[14.47501,51.02864],[14.46569,51.03535],[14.45383,51.03594],[14.44953,51.03462],[14.44155,51.02973],[14.41984,51.01906],[14.40857,51.01878],[14.40531,51.0209],[14.38995,51.02408],[14.38321,51.02839],[14.38268,51.03854],[14.37354,51.03931],[14.36197,51.04533],[14.35658,51.04321],[14.34683,51.04146],[14.34513,51.03903],[14.33494,51.0397],[14.32667,51.04934],[14.31603,51.05566],[14.30209,51.0551],[14.2922,51.04655],[14.28938,51.03974],[14.27385,51.0398],[14.28551,51.03201],[14.28637,51.02749],[14.27767,51.01893],[14.28013,51.0141],[14.26535,51.00816],[14.26229,51.00393],[14.26754,51.00032],[14.25858,50.99206],[14.25868,50.98754],[14.2627,50.98541],[14.27812,50.98184],[14.28204,50.97801],[14.29477,50.97836],[14.3087,50.98287],[14.31142,50.98465],[14.32348,50.98539],[14.32971,50.98219],[14.32622,50.97722],[14.32663,50.97233],[14.31314,50.9723],[14.3094,50.96861],[14.30257,50.96526],[14.30636,50.96292],[14.31525,50.96072],[14.31759,50.9582],[14.31055,50.95494],[14.31624,50.95192],[14.3265,50.94952],[14.33951,50.94979],[14.34741,50.94802],[14.34873,50.9452],[14.35729,50.94424],[14.36072,50.9414],[14.36934,50.94228],[14.3692,50.93971],[14.37597,50.93897],[14.38641,50.9407],[14.39699,50.93631],[14.40066,50.93276],[14.39927,50.93008],[14.40172,50.92462],[14.39389,50.9205],[14.39417,50.91808],[14.38875,50.91631],[14.38582,50.9127],[14.38867,50.90857],[14.38353,50.89927],[14.37475,50.8965],[14.36373,50.89738],[14.35829,50.89946],[14.34847,50.89784],[14.34915,50.8927],[14.34401,50.89281],[14.33456,50.8907],[14.3194,50.88887],[14.30492,50.88396],[14.28928,50.88601],[14.28306,50.89222],[14.27177,50.8952],[14.26743,50.89531],[14.25732,50.88974],[14.24362,50.88641],[14.23337,50.8876],[14.23652,50.88229],[14.23619,50.87693],[14.23292,50.87007],[14.2235,50.85909],[14.21823,50.86051],[14.20005,50.85114],[14.19512,50.85174],[14.19103,50.84963],[14.16719,50.84716],[14.16154,50.84763],[14.15385,50.84299],[14.14423,50.84057],[14.13289,50.83399],[14.12694,50.83432],[14.1161,50.83216],[14.11064,50.82938],[14.10715,50.83024],[14.09963,50.82643],[14.08952,50.82608],[14.08439,50.82159],[14.07926,50.81917],[14.07846,50.81248],[14.07237,50.81082],[14.06116,50.80996],[14.05809,50.81192],[14.04783,50.81007],[14.03947,50.8103],[14.03505,50.80517],[14.02801,50.80476],[14.02271,50.80924],[14.01225,50.81173],[14.00354,50.81024],[14.0029,50.8146],[13.99015,50.81978],[13.98594,50.81629],[13.97574,50.81383],[13.97072,50.81111],[13.95904,50.80989],[13.95396,50.80693],[13.95572,50.80084],[13.94811,50.79664],[13.94486,50.7924],[13.93726,50.78962],[13.92845,50.7885],[13.91965,50.78965],[13.90692,50.79261],[13.90391,50.79424],[13.89762,50.79198],[13.89641,50.78845],[13.90035,50.78479],[13.89483,50.78026],[13.89221,50.77403],[13.88734,50.77004],[13.88988,50.76252],[13.89184,50.76199],[13.90072,50.75185],[13.89946,50.74647],[13.89663,50.74316],[13.88635,50.74051],[13.88214,50.73803],[13.8761,50.73876],[13.86811,50.7427],[13.86124,50.74175],[13.86201,50.73655],[13.85756,50.72821],[13.84567,50.72535],[13.83643,50.72688],[13.82618,50.72429],[13.8196,50.7275],[13.81563,50.72768],[13.80738,50.73334],[13.78443,50.73366],[13.7779,50.73634],[13.76884,50.73291],[13.75831,50.73583],[13.75087,50.7296],[13.74056,50.72729],[13.72813,50.73366],[13.71137,50.72343],[13.71203,50.72014],[13.70758,50.71687],[13.69738,50.71863],[13.69277,50.71836],[13.68419,50.72154],[13.68136,50.72502],[13.67505,50.72705],[13.66758,50.73162],[13.64345,50.72957],[13.63587,50.72491],[13.62472,50.72187],[13.62695,50.71591],[13.61912,50.71379],[13.61114,50.71364],[13.60274,50.71015],[13.58927,50.71293],[13.57924,50.71237],[13.57373,50.71373],[13.56877,50.71236],[13.55806,50.7148],[13.55312,50.71408],[13.54203,50.70943],[13.53862,50.70586],[13.52524,50.70439],[13.52794,50.69835],[13.53387,50.69584],[13.54122,50.68783],[13.54175,50.68249],[13.5443,50.67716],[13.53863,50.67307],[13.53952,50.66763],[13.5321,50.66865],[13.51429,50.65595],[13.51307,50.65169],[13.51953,50.64894],[13.5252,50.64917],[13.52305,50.64244],[13.5243,50.63902],[13.5171,50.63625],[13.5023,50.63397],[13.49753,50.6319],[13.49355,50.62407],[13.48689,50.62167],[13.47729,50.61528],[13.47754,50.61237],[13.46221,50.60177],[13.46034,50.60407],[13.45228,50.6058],[13.44127,50.6112],[13.42899,50.61073],[13.42501,50.61281],[13.42342,50.61661],[13.41838,50.6154],[13.41227,50.61943],[13.41351,50.62172],[13.40971,50.62509],[13.40232,50.63505],[13.3927,50.64168],[13.39171,50.64667],[13.38304,50.64481],[13.37587,50.65016],[13.37259,50.64752],[13.3754,50.6364],[13.37425,50.63246],[13.37783,50.6283],[13.36986,50.62468],[13.36877,50.62047],[13.36479,50.61784],[13.35536,50.61609],[13.34372,50.61278],[13.33754,50.61263],[13.3348,50.60678],[13.32526,50.60858],[13.32587,50.60463],[13.31954,50.60154],[13.32291,50.5973],[13.32125,50.5895],[13.32429,50.58776],[13.32506,50.58289],[13.32302,50.58104],[13.31361,50.57931],[13.30507,50.57945],[13.2968,50.57776],[13.2911,50.57493],[13.28714,50.57938],[13.28206,50.59115],[13.27871,50.59297],[13.26002,50.59222],[13.25593,50.59539],[13.24839,50.5921],[13.24751,50.58701],[13.23897,50.58409],[13.23749,50.58008],[13.23307,50.57908],[13.23627,50.57129],[13.22586,50.56621],[13.22262,50.56248],[13.22319,50.55874],[13.22765,50.55633],[13.22946,50.55024],[13.22347,50.54702],[13.21523,50.53399],[13.20936,50.52981],[13.20688,50.52115],[13.19517,50.51612],[13.19722,50.50662],[13.19519,50.50323],[13.18827,50.50399],[13.1779,50.50289],[13.17122,50.5059],[13.16528,50.50601],[13.15629,50.50819],[13.14721,50.50759],[13.14242,50.5056],[13.13662,50.50641],[13.13867,50.51052],[13.13155,50.51852],[13.11994,50.51401],[13.11528,50.50982],[13.10093,50.50279],[13.09073,50.50203],[13.08566,50.50026],[13.05613,50.50124],[13.05136,50.5068],[13.04251,50.51157],[13.03939,50.50964],[13.03073,50.50823],[13.03209,50.50021],[13.02239,50.48628],[13.02336,50.48291],[13.02103,50.47887],[13.02074,50.47255],[13.01845,50.46699],[13.01953,50.46037],[13.02397,50.45388],[13.01794,50.44488],[13.00844,50.43927],[12.99547,50.43357],[12.98529,50.4204],[12.97326,50.41664],[12.9638,50.41458],[12.94587,50.41311],[12.94041,50.40806],[12.94819,50.40471],[12.95882,50.40135],[12.96409,50.40094],[12.96892,50.39789],[12.97429,50.3893],[12.98793,50.39336],[12.99607,50.39071],[13.02145,50.39572],[13.02384,50.39182],[13.0318,50.38791],[13.04424,50.38541],[13.0462,50.38852],[13.05506,50.38834],[13.06691,50.38652],[13.06954,50.38962],[13.07485,50.38615],[13.08066,50.38042],[13.09485,50.38247],[13.09876,50.38173],[13.10423,50.37506],[13.10789,50.37344],[13.10772,50.36996],[13.10245,50.36963],[13.09895,50.36567],[13.09804,50.35699],[13.10333,50.35394],[13.11221,50.35304],[13.11753,50.35028],[13.12223,50.3512],[13.12433,50.35496],[13.13354,50.35998],[13.14037,50.35739],[13.14975,50.35727],[13.15596,50.3544],[13.1696,50.35212],[13.17787,50.35402],[13.19106,50.35435],[13.19395,50.35322],[13.20842,50.36143],[13.21065,50.35714],[13.20768,50.35444],[13.22051,50.35275],[13.22605,50.34535],[13.22559,50.34282],[13.22954,50.33811],[13.23494,50.33771],[13.23695,50.33482],[13.23243,50.33177],[13.23744,50.32539],[13.22443,50.31698],[13.22056,50.31289],[13.22816,50.30659],[13.22895,50.30379],[13.23393,50.30291],[13.23441,50.29647],[13.22933,50.29723],[13.22314,50.29428],[13.22431,50.28981],[13.21895,50.28387],[13.20284,50.28277],[13.20265,50.27985],[13.21103,50.28186],[13.22099,50.28213],[13.22009,50.27788],[13.21424,50.27547],[13.22348,50.27305],[13.23132,50.27334],[13.22976,50.26287],[13.23257,50.26306],[13.23333,50.25655],[13.23699,50.25295],[13.23797,50.24865],[13.23594,50.24614],[13.22415,50.24589],[13.22235,50.24189],[13.22632,50.23525],[13.23378,50.2315],[13.2388,50.23295],[13.24555,50.23267],[13.2512,50.22555],[13.25053,50.22042],[13.24123,50.22334],[13.21878,50.21731],[13.22393,50.21411],[13.23063,50.21484],[13.23429,50.21144],[13.24008,50.21178],[13.24226,50.20681],[13.24904,50.20642],[13.25241,50.199],[13.25017,50.19544],[13.26423,50.19229],[13.2744,50.18561],[13.2796,50.17636],[13.27797,50.17177],[13.27398,50.16857],[13.28712,50.16812],[13.28532,50.16166],[13.28173,50.1577],[13.27413,50.15907],[13.26743,50.15609],[13.26674,50.15298],[13.27368,50.15101],[13.28421,50.14455],[13.2752,50.13798],[13.26582,50.14319],[13.26194,50.14234],[13.25285,50.14475],[13.24404,50.14144],[13.23923,50.14156],[13.23728,50.13746],[13.23231,50.13477],[13.23858,50.1289],[13.24828,50.12525],[13.2569,50.12602],[13.26747,50.12867],[13.27388,50.12812],[13.27921,50.1236],[13.2794,50.12059],[13.28976,50.11812],[13.29651,50.11253],[13.29847,50.10262],[13.30175,50.09935],[13.32193,50.10105],[13.32611,50.09462],[13.32487,50.08895],[13.33367,50.08661],[13.34382,50.10031],[13.34828,50.10044],[13.35479,50.10437],[13.35489,50.09882],[13.36258,50.09218],[13.3709,50.08915],[13.36873,50.07971],[13.3744,50.0775],[13.3912,50.08229],[13.40328,50.08475],[13.40676,50.08958],[13.41205,50.10065],[13.41641,50.0995],[13.42057,50.1036],[13.42563,50.10388],[13.42538,50.10916],[13.43869,50.10998],[13.44523,50.10599],[13.45551,50.10434],[13.463,50.10571],[13.46445,50.11006],[13.45982,50.11225],[13.47104,50.1139],[13.46832,50.11654],[13.46982,50.12135],[13.46723,50.12711],[13.47071,50.13242],[13.47798,50.12645],[13.49057,50.12662],[13.48799,50.14449],[13.49246,50.14423],[13.49069,50.15929],[13.48814,50.16314],[13.49469,50.16523],[13.50763,50.16659],[13.51255,50.16849],[13.51644,50.17292],[13.51435,50.17675],[13.52234,50.17816],[13.5265,50.18233],[13.5344,50.18353],[13.53558,50.18902],[13.54366,50.19102],[13.55472,50.19071],[13.55817,50.19247],[13.5686,50.18483],[13.57589,50.18732],[13.58694,50.18751],[13.62272,50.20243],[13.61982,50.2091],[13.63188,50.20836],[13.63848,50.21683],[13.64666,50.21852],[13.65269,50.22594],[13.66455,50.23562],[13.66972,50.23832],[13.67255,50.23058],[13.66977,50.22435],[13.68015,50.22618],[13.68967,50.22452],[13.69424,50.22167],[13.70793,50.22209],[13.71339,50.22447],[13.72212,50.22554],[13.73382,50.22435],[13.74323,50.2255],[13.75142,50.22368],[13.75357,50.22969],[13.75724,50.23348],[13.76003,50.24057],[13.76447,50.23686],[13.7637,50.23301],[13.76877,50.23219],[13.77162,50.23665],[13.77678,50.23622],[13.78163,50.24215],[13.79821,50.25548],[13.80014,50.25989],[13.80523,50.25981],[13.81746,50.26296],[13.81865,50.2589],[13.82671,50.26071],[13.83622,50.24745],[13.83615,50.24319],[13.83981,50.24009],[13.84348,50.24175],[13.85601,50.24237],[13.86387,50.24426],[13.86437,50.25382],[13.86849,50.25441],[13.86495,50.25949],[13.87015,50.26117],[13.87641,50.26629],[13.87787,50.27018],[13.88612,50.2701],[13.89319,50.27255],[13.91338,50.27584],[13.91818,50.27254],[13.92539,50.2754],[13.92807,50.27839],[13.94033,50.2801],[13.94329,50.28776],[13.95704,50.29212],[13.9565,50.30097],[13.95203,50.3036],[13.95124,50.30657],[13.95949,50.30583],[13.97017,50.30177],[13.99132,50.3037],[13.98825,50.309],[13.99083,50.31836],[13.98339,50.32472],[13.98154,50.3338],[13.9941,50.33619],[13.99723,50.34196],[14.0019,50.34241],[14.00762,50.34629],[14.01977,50.34844],[14.02422,50.34358],[14.03011,50.34042],[14.03618,50.34598],[14.05413,50.34044],[14.06663,50.34053],[14.0744,50.33764],[14.07517,50.33496],[14.09688,50.33406],[14.10807,50.335],[14.11672,50.33467],[14.11704,50.33281],[14.13326,50.3331],[14.14008,50.33232],[14.15559,50.33251],[14.16677,50.33332],[14.1689,50.33564],[14.18164,50.33435],[14.18368,50.34239],[14.18233,50.34522],[14.19789,50.34294],[14.19305,50.33936],[14.19878,50.33663],[14.21113,50.33515],[14.21575,50.33996],[14.23019,50.33555],[14.24069,50.33355],[14.24875,50.33067],[14.26138,50.33959],[14.26808,50.34874],[14.27448,50.35475],[14.28009,50.35336],[14.28227,50.35075],[14.29525,50.34912],[14.29916,50.35315],[14.3043,50.35205],[14.30687,50.35523],[14.32174,50.35261],[14.32332,50.35716],[14.3359,50.35693],[14.34993,50.35246],[14.36712,50.35203],[14.37076,50.35885],[14.37211,50.36505],[14.36722,50.36795],[14.3691,50.3716],[14.36825,50.37708],[14.37753,50.37599],[14.37663,50.39277],[14.3795,50.39613],[14.36942,50.39929],[14.36925,50.40383],[14.36382,50.40537],[14.36372,50.40847],[14.36897,50.41077],[14.37196,50.41635],[14.3698,50.42253],[14.36577,50.4262],[14.36504,50.43026],[14.37298,50.43473],[14.37799,50.43611],[14.3838,50.4309],[14.39105,50.42703],[14.40521,50.42288],[14.41639,50.42073],[14.41822,50.42498],[14.42241,50.42802],[14.4195,50.42998],[14.41264,50.42938],[14.4163,50.4343],[14.42007,50.43254],[14.42336,50.439],[14.4263,50.43992],[14.42345,50.45329],[14.43949,50.44696],[14.44891,50.44639],[14.4476,50.45416],[14.45848,50.45152],[14.46052,50.44936],[14.4724,50.44927],[14.47336,50.45471],[14.47146,50.45863],[14.47373,50.46303],[14.47062,50.46829],[14.47247,50.47364],[14.47046,50.47944],[14.46637,50.48183],[14.45933,50.49309],[14.45484,50.4965],[14.46336,50.49903],[14.47396,50.49931],[14.46927,50.50935],[14.48643,50.50499]]]},"properties":{"code":"ULK","name":"Ústecký kraj"}},
{"type":"Feature","geometry":{"type":"Polygon","coordinates":[[[15.14693,50.52267],[15.15032,50.5187],[15.15859,50.51702],[15.16854,50.51237],[15.18051,50.51032],[15.18582,50.50635],[15.19179,50.50413],[15.20158,50.50264],[15.21504,50.49878],[15.22281,50.49434],[15.23048,50.49587],[15.23484,50.49501],[15.24245,50.49831],[15.24289,50.50449],[15.24665,50.50651],[15.24529,50.51036],[15.24922,50.51157],[15.26299,50.5217],[15.26921,50.52339],[15.28882,50.52263],[15.29474,50.51959],[15.30285,50.51754],[15.29998,50.51453],[15.30744,50.51384],[15.31457,50.51051],[15.31936,50.51539],[15.32246,50.5122],[15.32778,50.51502],[15.33878,50.51233],[15.33951,50.50799],[15.34453,50.50337],[15.34736,50.50427],[15.35893,50.50137],[15.36157,50.4979],[15.36802,50.49478],[15.37078,50.49574],[15.37144,50.50382],[15.38119,50.50766],[15.38533,50.49885],[15.38386,50.49445],[15.39163,50.49192],[15.38536,50.48806],[15.39007,50.4849],[15.3902,50.48082],[15.40177,50.47986],[15.40432,50.48178],[15.41544,50.48079],[15.4185,50.48424],[15.42731,50.48206],[15.42785,50.48506],[15.42335,50.48962],[15.43217,50.49176],[15.43429,50.4884],[15.44059,50.4866],[15.44303,50.48909],[15.44438,50.49597],[15.45087,50.49639],[15.45389,50.50124],[15.44256,50.50362],[15.4406,50.51305],[15.43647,50.52173],[15.43927,50.52377],[15.45019,50.52312],[15.46474,50.52606],[15.46711,50.53106],[15.47272,50.53362],[15.4794,50.53265],[15.48011,50.53769],[15.47682,50.54385],[15.47801,50.54696],[15.48383,50.54636],[15.4983,50.54119],[15.49928,50.53723],[15.49509,50.53265],[15.50496,50.52755],[15.51358,50.51759],[15.53125,50.51648],[15.53642,50.51308],[15.54455,50.51504],[15.54671,50.52101],[15.55967,50.52249],[15.56264,50.52682],[15.57086,50.5262],[15.57277,50.5224],[15.5841,50.51802],[15.59072,50.51909],[15.59447,50.51544],[15.59902,50.52027],[15.61279,50.52182],[15.63223,50.52274],[15.62789,50.53123],[15.62814,50.53517],[15.62513,50.53794],[15.61659,50.54158],[15.61145,50.54868],[15.60559,50.55044],[15.60443,50.5559],[15.59299,50.56468],[15.58609,50.56756],[15.59422,50.57397],[15.58103,50.57601],[15.57114,50.58118],[15.57427,50.58355],[15.58434,50.59627],[15.58112,50.59907],[15.58932,50.60562],[15.59463,50.61146],[15.60164,50.61442],[15.58966,50.61926],[15.58762,50.62421],[15.5824,50.63119],[15.56508,50.6373],[15.56627,50.63966],[15.57786,50.6501],[15.58381,50.65264],[15.5711,50.66035],[15.56512,50.68004],[15.56153,50.6823],[15.56646,50.69401],[15.56493,50.69864],[15.56547,50.708],[15.55856,50.71222],[15.56064,50.71911],[15.56724,50.72621],[15.57361,50.7359],[15.56906,50.74394],[15.56246,50.74749],[15.54497,50.75351],[15.53927,50.75751],[15.53545,50.76326],[15.53521,50.77937],[15.52431,50.777],[15.51226,50.78847],[15.511,50.79081],[15.49366,50.78823],[15.48828,50.79014],[15.48053,50.79084],[15.47524,50.79582],[15.46372,50.80095],[15.45465,50.80238],[15.45023,50.80711],[15.43876,50.80906],[15.4254,50.80633],[15.42083,50.80324],[15.41506,50.79278],[15.40183,50.78108],[15.39214,50.77587],[15.38362,50.77579],[15.37902,50.77822],[15.37374,50.77809],[15.36982,50.78116],[15.3734,50.78472],[15.37396,50.78875],[15.37155,50.79251],[15.37249,50.79577],[15.3665,50.80269],[15.37208,50.80851],[15.37347,50.81277],[15.37004,50.81436],[15.37482,50.82092],[15.36734,50.83803],[15.36031,50.84226],[15.3581,50.84727],[15.34087,50.85465],[15.33995,50.85624],[15.32827,50.85705],[15.32211,50.86012],[15.3098,50.86144],[15.29241,50.87633],[15.28987,50.8817],[15.27706,50.89102],[15.27686,50.89926],[15.27327,50.9076],[15.27032,50.91128],[15.2706,50.91584],[15.2678,50.91783],[15.26759,50.92335],[15.26967,50.92595],[15.26785,50.9325],[15.26975,50.93574],[15.27731,50.93908],[15.27785,50.94118],[15.29003,50.94742],[15.29204,50.95354],[15.28503,50.95967],[15.27826,50.96056],[15.27388,50.96291],[15.27721,50.97163],[15.27407,50.97955],[15.26756,50.97929],[15.25873,50.98091],[15.24845,50.97967],[15.23929,50.98601],[15.24328,50.98832],[15.23719,50.99447],[15.23656,50.99867],[15.22965,50.99648],[15.2185,50.99549],[15.21294,50.99202],[15.20625,50.99272],[15.19759,50.98929],[15.20002,50.98401],[15.18935,50.98019],[15.17155,50.98661],[15.1755,50.98867],[15.17468,51.01129],[15.17185,51.02003],[15.16116,51.01635],[15.14437,51.01337],[15.14242,51.00766],[15.13511,50.99931],[15.13311,50.99389],[15.12809,50.99016],[15.12046,50.99321],[15.10517,50.99151],[15.10078,50.99402],[15.09685,51.00191],[15.10019,51.00565],[15.10744,51.00832],[15.10601,51.01073],[15.08995,51.01422],[15.0774,51.01356],[15.07555,51.01733],[15.06908,51.01797],[15.06757,51.02122],[15.05772,51.02251],[15.05759,51.01297],[15.04678,51.01164],[15.03539,51.01287],[15.03303,51.02002],[15.0302,51.02194],[15.01647,51.02181],[15.01453,51.01614],[15.00898,51.01547],[14.99724,51.00921],[14.98542,51.01084],[14.98428,51.00738],[14.9788,51.00225],[14.96824,50.99001],[14.97415,50.98792],[14.98891,50.97804],[14.99112,50.98078],[15.00611,50.98646],[15.01034,50.98263],[15.01452,50.97313],[15.02171,50.96707],[15.01729,50.9668],[15.01102,50.96236],[15.01135,50.95861],[15.01538,50.94964],[15.013,50.9436],[15.01434,50.93983],[15.01038,50.93806],[15.00173,50.92873],[14.99606,50.9274],[14.98945,50.92164],[14.99892,50.91217],[14.9982,50.90771],[15.00682,50.90723],[14.99618,50.90064],[14.99661,50.89492],[14.99425,50.8916],[14.9977,50.8897],[15.00026,50.87841],[15.00235,50.87452],[15.00193,50.86878],[14.98669,50.8693],[14.97705,50.86748],[14.96285,50.86208],[14.95812,50.86206],[14.94683,50.86474],[14.93736,50.86941],[14.90017,50.87596],[14.89728,50.86736],[14.88148,50.87508],[14.87385,50.87716],[14.86696,50.87714],[14.86385,50.87057],[14.85283,50.86867],[14.84708,50.87025],[14.84256,50.86912],[14.8312,50.87289],[14.82336,50.87057],[14.8245,50.8667],[14.82173,50.86366],[14.82134,50.85937],[14.8106,50.85125],[14.806,50.84046],[14.80257,50.8363],[14.79967,50.82261],[14.7876,50.82372],[14.77923,50.82002],[14.76647,50.81924],[14.76016,50.82402],[14.74978,50.8243],[14.747,50.82908],[14.73934,50.82899],[14.73424,50.82538],[14.72568,50.82231],[14.71731,50.82326],[14.71741,50.83062],[14.72007,50.83228],[14.71469,50.83728],[14.70885,50.84061],[14.69479,50.8394],[14.68996,50.838],[14.68085,50.84274],[14.66501,50.84919],[14.66026,50.85016],[14.64779,50.84874],[14.63314,50.85504],[14.61892,50.85776],[14.60965,50.84648],[14.60833,50.8433],[14.59202,50.8378],[14.56983,50.83901],[14.56683,50.83575],[14.57032,50.82904],[14.5632,50.82607],[14.56464,50.82116],[14.56316,50.81689],[14.55947,50.81432],[14.56333,50.80775],[14.5607,50.79982],[14.5489,50.79687],[14.53993,50.79565],[14.53506,50.79695],[14.52682,50.79546],[14.52323,50.79871],[14.5179,50.79846],[14.50967,50.80107],[14.50669,50.80553],[14.49423,50.81158],[14.48509,50.81032],[14.48092,50.81443],[14.47618,50.81627],[14.46725,50.81437],[14.4602,50.80927],[14.45005,50.81393],[14.44695,50.80856],[14.45226,50.80693],[14.45038,50.8006],[14.45103,50.79599],[14.45853,50.79265],[14.44965,50.78771],[14.44832,50.78423],[14.45734,50.78009],[14.45762,50.77759],[14.45146,50.7744],[14.44837,50.77094],[14.43851,50.77322],[14.42758,50.76672],[14.4275,50.7605],[14.42219,50.74986],[14.41837,50.74837],[14.41682,50.74136],[14.43116,50.73638],[14.42771,50.73366],[14.41649,50.73149],[14.41418,50.73792],[14.4041,50.72641],[14.39001,50.72292],[14.37621,50.72083],[14.3724,50.71439],[14.37252,50.70777],[14.36834,50.70587],[14.36745,50.69808],[14.37709,50.69371],[14.37895,50.69083],[14.37408,50.68676],[14.36383,50.68309],[14.35165,50.67734],[14.34271,50.66681],[14.34264,50.65838],[14.35272,50.65579],[14.3626,50.65669],[14.35957,50.65052],[14.36587,50.63885],[14.36596,50.63582],[14.35903,50.62828],[14.3698,50.62318],[14.36807,50.6201],[14.3771,50.61564],[14.382,50.60977],[14.38298,50.60428],[14.38,50.60098],[14.3862,50.59939],[14.39036,50.59548],[14.39147,50.59132],[14.39888,50.59003],[14.40552,50.58735],[14.40514,50.58399],[14.41189,50.57621],[14.41183,50.57345],[14.41613,50.56831],[14.41534,50.56571],[14.42069,50.5593],[14.41838,50.55617],[14.42531,50.55471],[14.43194,50.54584],[14.43493,50.54595],[14.43929,50.54124],[14.43706,50.53495],[14.44135,50.53252],[14.43983,50.53006],[14.44779,50.5283],[14.4549,50.52835],[14.45872,50.52683],[14.46934,50.52699],[14.4757,50.52306],[14.47647,50.5159],[14.47982,50.51389],[14.48643,50.50499],[14.48823,50.50036],[14.49644,50.49855],[14.50192,50.49552],[14.50546,50.49993],[14.50725,50.50726],[14.51031,50.50961],[14.51683,50.51008],[14.52267,50.50883],[14.52911,50.50351],[14.53269,50.49765],[14.54714,50.49583],[14.55365,50.4981],[14.55099,50.50475],[14.55729,50.50467],[14.56618,50.50651],[14.56772,50.51095],[14.5726,50.51025],[14.57978,50.50468],[14.57717,50.50161],[14.58002,50.49925],[14.57512,50.49309],[14.5795,50.48768],[14.58194,50.48034],[14.58985,50.47373],[14.5974,50.47853],[14.60126,50.47574],[14.61388,50.47606],[14.61255,50.47872],[14.61716,50.48069],[14.62262,50.47988],[14.63144,50.48197],[14.63069,50.48563],[14.63999,50.48334],[14.64674,50.47998],[14.64808,50.48468],[14.65308,50.48566],[14.66772,50.48423],[14.67697,50.48653],[14.68302,50.48286],[14.6908,50.48054],[14.6882,50.49167],[14.69867,50.49328],[14.69967,50.49571],[14.7121,50.49663],[14.71912,50.49854],[14.72129,50.50751],[14.72386,50.5112],[14.72596,50.52019],[14.74058,50.5175],[14.75138,50.51627],[14.75585,50.52173],[14.75818,50.52961],[14.74921,50.54756],[14.75044,50.55682],[14.80234,50.55033],[14.8268,50.53851],[14.847,50.55141],[14.85833,50.55633],[14.85911,50.55887],[14.84772,50.56496],[14.84698,50.5719],[14.86542,50.57498],[14.87498,50.58023],[14.88648,50.58035],[14.89283,50.57909],[14.89766,50.58072],[14.90384,50.58514],[14.90865,50.58646],[14.90463,50.59457],[14.89788,50.60333],[14.90341,50.60592],[14.90955,50.60503],[14.91748,50.60698],[14.91292,50.6133],[14.90798,50.61744],[14.91202,50.61895],[14.92632,50.61816],[14.93162,50.61526],[14.93035,50.60761],[14.93771,50.60649],[14.94977,50.6066],[14.95369,50.60113],[14.94872,50.59803],[14.95676,50.59552],[14.9578,50.59374],[14.96655,50.59523],[14.96782,50.59841],[14.9742,50.59836],[14.9728,50.60183],[14.97553,50.60569],[14.97987,50.60633],[14.98095,50.60203],[14.99083,50.59989],[14.99742,50.6001],[15.00448,50.60397],[15.01416,50.59237],[15.01677,50.58681],[15.02654,50.58432],[15.03596,50.57504],[15.04568,50.56895],[15.05037,50.56756],[15.05892,50.57097],[15.06343,50.5713],[15.06691,50.56613],[15.07504,50.56041],[15.0821,50.55929],[15.09523,50.55425],[15.09337,50.54904],[15.09702,50.54042],[15.09765,50.53456],[15.10418,50.53178],[15.11587,50.53306],[15.11629,50.52997],[15.12404,50.53157],[15.13876,50.52782],[15.14133,50.52331],[15.14693,50.52267]]]},"properties":{"code":"LBK","name":"Liberecký kraj"}},
{"type":"Feature","geometry":{"type":"Polygon","coordinates":[[[15.43738,50.10989],[15.43895,50.10922],[15.45214,50.09531],[15.47256,50.10063],[15.47502,50.10502],[15.48302,50.10707],[15.48873,50.11047],[15.48905,50.11442],[15.50815,50.11378],[15.5152,50.12073],[15.52224,50.11664],[15.52486,50.11943],[15.51947,50.1233],[15.51935,50.12929],[15.52129,50.13491],[15.5316,50.13804],[15.53373,50.14018],[15.54229,50.14077],[15.55089,50.1347],[15.5592,50.13806],[15.56144,50.14359],[15.56675,50.14193],[15.56946,50.14448],[15.56646,50.15],[15.57048,50.1501],[15.5807,50.14753],[15.58059,50.13669],[15.59021,50.1339],[15.59599,50.13894],[15.6079,50.13846],[15.61048,50.13612],[15.61899,50.13811],[15.63312,50.137],[15.64123,50.13326],[15.64629,50.13281],[15.64663,50.13756],[15.66711,50.13281],[15.66705,50.1297],[15.69063,50.12769],[15.69903,50.13698],[15.71381,50.13886],[15.72499,50.13671],[15.7314,50.1416],[15.73892,50.14164],[15.74394,50.15428],[15.73953,50.15463],[15.7404,50.1611],[15.74591,50.16451],[15.75439,50.16388],[15.75618,50.16853],[15.76667,50.16738],[15.77115,50.17299],[15.77621,50.17566],[15.78178,50.17369],[15.78811,50.16872],[15.80076,50.16767],[15.80229,50.16353],[15.80944,50.15999],[15.80455,50.15267],[15.80287,50.14533],[15.8043,50.14052],[15.81028,50.14028],[15.81462,50.13603],[15.83432,50.13498],[15.83451,50.13173],[15.8413,50.13262],[15.83996,50.136],[15.85225,50.13974],[15.85259,50.14765],[15.8873,50.14715],[15.8878,50.16246],[15.89708,50.16223],[15.9041,50.16334],[15.91315,50.16313],[15.9181,50.16454],[15.91705,50.17069],[15.92227,50.17009],[15.94121,50.1602],[15.94658,50.16331],[15.95027,50.16018],[15.95709,50.16095],[15.96441,50.15754],[15.99222,50.15736],[15.99219,50.14615],[16.00953,50.14604],[16.00962,50.11263],[16.05037,50.11254],[16.06341,50.11279],[16.06387,50.10961],[16.06964,50.10079],[16.07219,50.08962],[16.07507,50.08653],[16.08995,50.08622],[16.09318,50.08369],[16.10223,50.08275],[16.11175,50.08461],[16.12061,50.07981],[16.12385,50.07662],[16.12826,50.06861],[16.13912,50.06279],[16.14692,50.06753],[16.15738,50.0597],[16.1621,50.06167],[16.1751,50.05942],[16.18125,50.05175],[16.19028,50.04642],[16.19513,50.03894],[16.19899,50.04094],[16.20612,50.04005],[16.21047,50.04407],[16.22551,50.04598],[16.23266,50.04467],[16.2466,50.05042],[16.24771,50.04264],[16.25416,50.04298],[16.26249,50.04539],[16.27262,50.04568],[16.27315,50.04808],[16.2826,50.04601],[16.2862,50.05077],[16.30107,50.04712],[16.30174,50.04531],[16.31012,50.04292],[16.31454,50.04442],[16.33266,50.04032],[16.33145,50.04628],[16.32102,50.05703],[16.31318,50.06011],[16.31874,50.06266],[16.31645,50.06795],[16.32967,50.06959],[16.33411,50.06676],[16.33638,50.07093],[16.34414,50.07197],[16.34695,50.07441],[16.35672,50.07726],[16.34873,50.07981],[16.3441,50.08488],[16.33989,50.08576],[16.33877,50.08958],[16.34608,50.09557],[16.35284,50.09718],[16.35142,50.10047],[16.36536,50.10142],[16.37423,50.10068],[16.38598,50.10763],[16.39296,50.11501],[16.39382,50.11813],[16.40765,50.11447],[16.41074,50.11789],[16.41886,50.12237],[16.42511,50.11918],[16.43025,50.12082],[16.43121,50.12574],[16.43608,50.12839],[16.44927,50.12813],[16.45436,50.13181],[16.4587,50.13264],[16.47429,50.13861],[16.47807,50.14607],[16.47756,50.15296],[16.47856,50.16339],[16.49013,50.16698],[16.49638,50.16755],[16.50571,50.16493],[16.52061,50.1596],[16.52262,50.15164],[16.52706,50.15181],[16.53251,50.14892],[16.54011,50.15019],[16.54661,50.14725],[16.56935,50.13865],[16.58008,50.14242],[16.58459,50.14588],[16.58068,50.14773],[16.58359,50.15339],[16.57762,50.15552],[16.57632,50.15842],[16.56853,50.16043],[16.56063,50.16466],[16.55792,50.17045],[16.55839,50.17409],[16.56377,50.17997],[16.55887,50.18694],[16.55792,50.19184],[16.55462,50.19704],[16.55597,50.2028],[16.56126,50.20545],[16.55655,50.21685],[16.55735,50.22038],[16.55143,50.22282],[16.54831,50.22976],[16.54061,50.23383],[16.53756,50.23898],[16.52934,50.23759],[16.5168,50.24347],[16.51282,50.24742],[16.51407,50.25177],[16.50847,50.25275],[16.50717,50.25966],[16.49771,50.25981],[16.48973,50.26423],[16.48695,50.27076],[16.48124,50.27232],[16.48115,50.27555],[16.47261,50.28364],[16.4662,50.2877],[16.46763,50.29041],[16.46463,50.2956],[16.45558,50.30005],[16.44822,50.30515],[16.44386,50.31319],[16.43731,50.31745],[16.43689,50.32053],[16.43042,50.32507],[16.40973,50.32434],[16.40533,50.32014],[16.39926,50.31919],[16.3907,50.32337],[16.38323,50.32881],[16.37519,50.34228],[16.36465,50.34686],[16.36116,50.35364],[16.36588,50.35731],[16.36562,50.36316],[16.36803,50.36697],[16.3636,50.37068],[16.36491,50.37395],[16.36077,50.37947],[16.35338,50.3786],[16.34852,50.38065],[16.34181,50.37787],[16.33734,50.37824],[16.32311,50.38205],[16.31689,50.38018],[16.30871,50.38312],[16.30183,50.38204],[16.29342,50.37395],[16.29156,50.37009],[16.2859,50.3675],[16.27863,50.36744],[16.27686,50.3762],[16.26774,50.37939],[16.26563,50.38309],[16.26723,50.38718],[16.26305,50.39356],[16.25979,50.39441],[16.25065,50.3935],[16.24735,50.39824],[16.2519,50.39969],[16.25292,50.40564],[16.24162,50.40967],[16.23811,50.41408],[16.2302,50.41218],[16.22092,50.40698],[16.21047,50.41124],[16.21411,50.4147],[16.20984,50.42679],[16.20396,50.4296],[16.19828,50.42884],[16.19571,50.43213],[16.19868,50.43473],[16.19883,50.44179],[16.20517,50.44874],[16.21329,50.4518],[16.21972,50.45186],[16.22081,50.44626],[16.22487,50.4424],[16.23046,50.44273],[16.23406,50.44869],[16.2304,50.4536],[16.22214,50.45838],[16.22392,50.46051],[16.23525,50.45991],[16.23354,50.46682],[16.24337,50.46306],[16.2557,50.46762],[16.24932,50.47194],[16.2492,50.47396],[16.25871,50.48018],[16.26964,50.47958],[16.26851,50.48291],[16.29472,50.47968],[16.29974,50.48521],[16.30164,50.48953],[16.31241,50.49411],[16.30944,50.49937],[16.31141,50.50607],[16.31901,50.50787],[16.32564,50.50493],[16.3325,50.50352],[16.3438,50.49584],[16.36035,50.50123],[16.36596,50.50591],[16.37394,50.51637],[16.38669,50.52034],[16.39518,50.52639],[16.40178,50.52989],[16.39824,50.53454],[16.3874,50.54178],[16.3965,50.54388],[16.40222,50.54653],[16.41093,50.5479],[16.41065,50.5564],[16.40836,50.56138],[16.404,50.56467],[16.40464,50.56927],[16.41882,50.56866],[16.42637,50.57083],[16.44491,50.57957],[16.44332,50.5865],[16.43181,50.59853],[16.42758,50.6005],[16.42221,50.60687],[16.41278,50.61013],[16.40564,50.617],[16.39446,50.61873],[16.38152,50.62919],[16.3781,50.63484],[16.37384,50.63654],[16.36249,50.64832],[16.35612,50.6467],[16.35122,50.64785],[16.34941,50.6525],[16.34399,50.65734],[16.34308,50.66151],[16.33387,50.66253],[16.32213,50.6666],[16.31352,50.66426],[16.31275,50.66232],[16.30498,50.65906],[16.30026,50.66084],[16.29356,50.65985],[16.28184,50.66138],[16.27944,50.66821],[16.25836,50.66712],[16.24626,50.67026],[16.24226,50.66965],[16.23481,50.67157],[16.23064,50.66824],[16.22698,50.66215],[16.22542,50.65615],[16.22148,50.65151],[16.22052,50.63648],[16.21404,50.63212],[16.20087,50.63171],[16.19367,50.63014],[16.18797,50.62731],[16.17938,50.62866],[16.18016,50.63365],[16.17696,50.63965],[16.16899,50.64583],[16.16526,50.64642],[16.14838,50.65334],[16.13949,50.65078],[16.13446,50.65606],[16.12795,50.65758],[16.12583,50.66058],[16.11125,50.66094],[16.10368,50.66336],[16.09506,50.653],[16.08826,50.65224],[16.08567,50.64781],[16.0775,50.64335],[16.06759,50.63976],[16.0624,50.6317],[16.05735,50.61688],[16.05839,50.61312],[16.05212,50.61191],[16.04262,50.61424],[16.02923,50.6038],[16.02483,50.59862],[16.01978,50.60014],[16.0157,50.60611],[16.00619,50.60604],[15.99166,50.61011],[15.98636,50.61475],[15.99839,50.62289],[16.00846,50.62516],[16.01476,50.62852],[16.02177,50.63017],[16.01583,50.63342],[16.00855,50.63449],[16.00549,50.64239],[16.00092,50.64476],[16.00499,50.64862],[16.00354,50.65093],[16.00433,50.65819],[15.99811,50.66802],[15.99888,50.67232],[15.9947,50.67304],[15.98957,50.6787],[15.99123,50.6829],[15.98861,50.68486],[15.96717,50.69172],[15.95549,50.69133],[15.94255,50.68704],[15.93153,50.68637],[15.92597,50.68078],[15.91953,50.6846],[15.90671,50.67981],[15.88507,50.67535],[15.8848,50.6713],[15.87483,50.67188],[15.86096,50.67445],[15.86333,50.68015],[15.85993,50.68724],[15.8576,50.69635],[15.85313,50.70057],[15.84998,50.70897],[15.84611,50.70995],[15.83901,50.71772],[15.82991,50.72445],[15.83172,50.73014],[15.83037,50.73744],[15.83194,50.74269],[15.81971,50.74976],[15.81619,50.75532],[15.81035,50.755],[15.79914,50.75248],[15.79147,50.75265],[15.78876,50.74675],[15.77922,50.74227],[15.7672,50.7437],[15.75877,50.74335],[15.74346,50.73823],[15.73978,50.73594],[15.73433,50.73617],[15.72852,50.73939],[15.72337,50.73979],[15.71468,50.73738],[15.70571,50.73726],[15.69525,50.73994],[15.68864,50.7428],[15.68392,50.75261],[15.68027,50.75474],[15.66769,50.75675],[15.65929,50.75986],[15.64858,50.75952],[15.62613,50.76478],[15.62211,50.76519],[15.61643,50.77234],[15.60176,50.77682],[15.59113,50.7769],[15.57875,50.77897],[15.56402,50.77612],[15.54565,50.78046],[15.53521,50.77937],[15.53545,50.76326],[15.53927,50.75751],[15.54497,50.75351],[15.56246,50.74749],[15.56906,50.74394],[15.57361,50.7359],[15.56724,50.72621],[15.56064,50.71911],[15.55856,50.71222],[15.56547,50.708],[15.56493,50.69864],[15.56646,50.69401],[15.56153,50.6823],[15.56512,50.68004],[15.5711,50.66035],[15.58381,50.65264],[15.57786,50.6501],[15.56627,50.63966],[15.56508,50.6373],[15.5824,50.63119],[15.58762,50.62421],[15.58966,50.61926],[15.60164,50.61442],[15.59463,50.61146],[15.58932,50.60562],[15.58112,50.59907],[15.58434,50.59627],[15.57427,50.58355],[15.57114,50.58118],[15.58103,50.57601],[15.59422,50.57397],[15.58609,50.56756],[15.59299,50.56468],[15.60443,50.5559],[15.60559,50.55044],[15.61145,50.54868],[15.61659,50.54158],[15.62513,50.53794],[15.62814,50.53517],[15.62789,50.53123],[15.63223,50.52274],[15.61279,50.52182],[15.59902,50.52027],[15.59447,50.51544],[15.59072,50.51909],[15.5841,50.51802],[15.57277,50.5224],[15.57086,50.5262],[15.56264,50.52682],[15.55967,50.52249],[15.54671,50.52101],[15.54455,50.51504],[15.53642,50.51308],[15.53125,50.51648],[15.51358,50.51759],[15.50496,50.52755],[15.49509,50.53265],[15.49928,50.53723],[15.4983,50.54119],[15.48383,50.54636],[15.47801,50.54696],[15.47682,50.54385],[15.48011,50.53769],[15.4794,50.53265],[15.47272,50.53362],[15.46711,50.53106],[15.46474,50.52606],[15.45019,50.52312],[15.43927,50.52377],[15.43647,50.52173],[15.4406,50.51305],[15.44256,50.50362],[15.45389,50.50124],[15.45087,50.49639],[15.44438,50.49597],[15.44303,50.48909],[15.44059,50.4866],[15.43429,50.4884],[15.43217,50.49176],[15.42335,50.48962],[15.42785,50.48506],[15.42731,50.48206],[15.4185,50.48424],[15.41544,50.48079],[15.40432,50.48178],[15.40177,50.47986],[15.3902,50.48082],[15.39007,50.4849],[15.38536,50.48806],[15.39163,50.49192],[15.38386,50.49445],[15.38533,50.49885],[15.38119,50.50766],[15.37144,50.50382],[15.37078,50.49574],[15.36802,50.49478],[15.36157,50.4979],[15.35893,50.50137],[15.34736,50.50427],[15.34453,50.50337],[15.33951,50.50799],[15.33878,50.51233],[15.32778,50.51502],[15.32246,50.5122],[15.31936,50.51539],[15.31457,50.51051],[15.30744,50.51384],[15.29998,50.51453],[15.30285,50.51754],[15.29474,50.51959],[15.28882,50.52263],[15.26921,50.52339],[15.26299,50.5217],[15.24922,50.51157],[15.24529,50.51036],[15.24665,50.50651],[15.24289,50.50449],[15.24245,50.49831],[15.23484,50.49501],[15.23048,50.49587],[15.22281,50.49434],[15.21504,50.49878],[15.20158,50.50264],[15.19179,50.50413],[15.18582,50.50635],[15.18051,50.51032],[15.16854,50.51237],[15.15859,50.51702],[15.15032,50.5187],[15.14693,50.52267],[15.13929,50.51676],[15.13601,50.51284],[15.12685,50.5089],[15.1191,50.50953],[15.11363,50.50654],[15.11632,50.49894],[15.12161,50.49753],[15.13432,50.4895],[15.13637,50.48458],[15.13124,50.48107],[15.13594,50.4778],[15.14474,50.47505],[15.14197,50.47075],[15.13759,50.47135],[15.13495,50.45792],[15.13607,50.45512],[15.12959,50.45052],[15.13415,50.44732],[15.14018,50.44663],[15.14542,50.44783],[15.15037,50.4439],[15.15096,50.44004],[15.15478,50.43805],[15.1498,50.43388],[15.15414,50.42855],[15.1623,50.42726],[15.15508,50.40751],[15.15136,50.40491],[15.14778,50.40712],[15.14403,50.40426],[15.13714,50.40425],[15.13698,50.39591],[15.14406,50.38759],[15.13171,50.38851],[15.13041,50.38642],[15.11788,50.3889],[15.11297,50.38217],[15.10682,50.37873],[15.10562,50.37566],[15.11221,50.37229],[15.11925,50.36512],[15.12777,50.36521],[15.12612,50.36123],[15.12057,50.35912],[15.12202,50.35466],[15.1298,50.34578],[15.13253,50.34577],[15.14506,50.34099],[15.15406,50.33907],[15.1582,50.34067],[15.16083,50.34435],[15.16745,50.34667],[15.16887,50.34388],[15.17508,50.3416],[15.18718,50.33956],[15.1888,50.33673],[15.18234,50.33537],[15.18083,50.32843],[15.18723,50.3273],[15.19435,50.32767],[15.19904,50.32501],[15.20749,50.3228],[15.2178,50.31808],[15.20695,50.3135],[15.20361,50.30898],[15.20915,50.30745],[15.21015,50.30119],[15.2062,50.29689],[15.22295,50.29195],[15.23671,50.28591],[15.2402,50.28985],[15.25477,50.29081],[15.25624,50.29322],[15.26212,50.29443],[15.26787,50.29206],[15.28349,50.28933],[15.29077,50.28982],[15.29992,50.28582],[15.30683,50.28121],[15.30882,50.2833],[15.31602,50.28539],[15.31888,50.29214],[15.32792,50.29116],[15.33466,50.29504],[15.34061,50.29482],[15.34363,50.29676],[15.35419,50.29797],[15.35709,50.29339],[15.35579,50.29044],[15.36996,50.28869],[15.37205,50.28534],[15.37807,50.28468],[15.37502,50.27963],[15.37813,50.27805],[15.37962,50.27358],[15.37492,50.27033],[15.37892,50.26872],[15.37716,50.26114],[15.38043,50.26034],[15.3843,50.2549],[15.38166,50.25169],[15.37405,50.25082],[15.37191,50.2466],[15.37397,50.23967],[15.37242,50.2268],[15.37867,50.22482],[15.38333,50.22017],[15.39129,50.2178],[15.3973,50.2066],[15.39253,50.20401],[15.39744,50.19785],[15.39277,50.19187],[15.38872,50.19035],[15.3887,50.18298],[15.38053,50.17846],[15.37644,50.17288],[15.3707,50.17455],[15.36547,50.17104],[15.36641,50.16648],[15.363,50.16265],[15.37495,50.15897],[15.37401,50.15578],[15.36021,50.1482],[15.34988,50.14582],[15.36601,50.14381],[15.37759,50.14592],[15.38187,50.14556],[15.38963,50.14045],[15.39083,50.13804],[15.4044,50.1352],[15.40579,50.13859],[15.41361,50.13615],[15.4232,50.13073],[15.44558,50.12478],[15.44574,50.12156],[15.4349,50.11524],[15.43904,50.11299],[15.43738,50.10989]]]},"properties":{"code":"HKK","name":"Královéhradecký kraj"}},
{"type":"Feature","geometry":{"type":"Polygon","coordinates":[[[15.4971,49.8611],[15.50183,49.85805],[15.50759,49.85683],[15.51451,49.85279],[15.52118,49.8524],[15.52664,49.84602],[15.53706,49.84034],[15.54579,49.84044],[15.54711,49.83736],[15.55728,49.83207],[15.56073,49.83302],[15.56413,49.82924],[15.57362,49.82506],[15.57923,49.81903],[15.58267,49.81992],[15.60045,49.81002],[15.6032,49.81145],[15.61125,49.80889],[15.61945,49.80966],[15.63471,49.81528],[15.64115,49.80592],[15.65621,49.80757],[15.65921,49.81429],[15.66519,49.81528],[15.66837,49.8109],[15.67579,49.80948],[15.68262,49.81167],[15.68566,49.81083],[15.68385,49.80458],[15.68972,49.80129],[15.69187,49.80415],[15.70376,49.79956],[15.71182,49.8003],[15.71299,49.79411],[15.71864,49.79356],[15.71877,49.78897],[15.72853,49.78829],[15.73033,49.78415],[15.73671,49.78123],[15.74649,49.78119],[15.75526,49.78287],[15.75872,49.77975],[15.76553,49.77779],[15.77445,49.77775],[15.77744,49.78149],[15.78221,49.77994],[15.7813,49.77624],[15.77282,49.76505],[15.77562,49.76342],[15.77367,49.75942],[15.77504,49.75567],[15.79047,49.75667],[15.79207,49.75949],[15.80183,49.75705],[15.80621,49.75893],[15.80929,49.75528],[15.81454,49.75513],[15.82312,49.75293],[15.82751,49.74434],[15.83288,49.74109],[15.84606,49.7406],[15.85184,49.73764],[15.86294,49.74327],[15.86557,49.7408],[15.86468,49.73183],[15.85783,49.72953],[15.8569,49.7266],[15.84866,49.71859],[15.85685,49.71374],[15.8564,49.71031],[15.8701,49.70261],[15.8806,49.70365],[15.89064,49.70075],[15.89555,49.69746],[15.90043,49.69851],[15.90866,49.69373],[15.91635,49.68606],[15.925,49.68595],[15.93039,49.68861],[15.93865,49.68829],[15.9418,49.68659],[15.9495,49.68609],[15.95085,49.68937],[15.95986,49.6913],[15.9566,49.69493],[15.95375,49.70195],[15.95707,49.70277],[15.96697,49.70056],[15.97284,49.70349],[15.97007,49.71011],[15.9723,49.71952],[15.98261,49.72797],[15.98685,49.72772],[15.99663,49.73342],[15.99614,49.73821],[16.00222,49.7393],[16.0098,49.73012],[16.00903,49.7237],[16.02071,49.71675],[16.02567,49.71609],[16.03413,49.71722],[16.03637,49.71495],[16.04471,49.71333],[16.04748,49.71144],[16.0529,49.71638],[16.06994,49.71346],[16.0809,49.70893],[16.08264,49.70496],[16.0903,49.69964],[16.08854,49.69603],[16.09654,49.6913],[16.09851,49.68537],[16.10328,49.6833],[16.10962,49.68723],[16.12316,49.68779],[16.13562,49.69045],[16.14861,49.68584],[16.15253,49.67821],[16.16055,49.68157],[16.16852,49.68191],[16.17671,49.67806],[16.17907,49.67547],[16.18774,49.67439],[16.18884,49.67754],[16.19367,49.67835],[16.19939,49.67142],[16.20364,49.67066],[16.2057,49.6662],[16.21783,49.6669],[16.22538,49.66373],[16.23905,49.66125],[16.24478,49.6588],[16.25699,49.64549],[16.26626,49.6406],[16.27481,49.64013],[16.26981,49.62969],[16.28252,49.62624],[16.28804,49.62113],[16.29644,49.61804],[16.30218,49.62371],[16.3093,49.61959],[16.31692,49.61837],[16.32455,49.61535],[16.33742,49.61495],[16.34813,49.61314],[16.3498,49.6082],[16.35909,49.60125],[16.36962,49.60252],[16.37449,49.59869],[16.37751,49.59069],[16.38677,49.58555],[16.39204,49.58012],[16.39593,49.57898],[16.39872,49.57507],[16.40295,49.5735],[16.40923,49.58028],[16.41906,49.5839],[16.4204,49.58624],[16.41595,49.59004],[16.41708,49.5949],[16.4326,49.59429],[16.43393,49.59768],[16.44444,49.59787],[16.44883,49.59579],[16.44575,49.59158],[16.44599,49.58771],[16.46352,49.59299],[16.47262,49.59156],[16.47743,49.59512],[16.48734,49.59997],[16.49233,49.59946],[16.49943,49.59276],[16.51265,49.59023],[16.51677,49.59214],[16.52961,49.59059],[16.54121,49.59148],[16.53991,49.59834],[16.54439,49.59991],[16.54344,49.60835],[16.5476,49.61061],[16.54638,49.61662],[16.54896,49.62257],[16.5484,49.62826],[16.55543,49.63083],[16.56689,49.62674],[16.57241,49.63024],[16.57494,49.62737],[16.58617,49.6228],[16.59075,49.62616],[16.59578,49.62343],[16.60709,49.62225],[16.61374,49.62414],[16.62095,49.62818],[16.62101,49.63208],[16.62781,49.62987],[16.63657,49.62902],[16.65062,49.61867],[16.65593,49.62373],[16.66032,49.62519],[16.66958,49.62536],[16.67969,49.62302],[16.69388,49.6245],[16.71551,49.6214],[16.71863,49.61589],[16.72731,49.61512],[16.74306,49.60802],[16.75116,49.60651],[16.75649,49.60419],[16.76687,49.60194],[16.77383,49.5981],[16.78211,49.596],[16.79311,49.59818],[16.80406,49.5988],[16.80184,49.60574],[16.80392,49.61323],[16.8092,49.62288],[16.81656,49.6241],[16.81682,49.62798],[16.81066,49.63232],[16.80562,49.63797],[16.80039,49.63923],[16.80508,49.64534],[16.80382,49.65653],[16.80891,49.6568],[16.80988,49.66064],[16.8142,49.66407],[16.82141,49.66671],[16.82997,49.67297],[16.83923,49.67451],[16.84361,49.67996],[16.84615,49.69773],[16.84851,49.70153],[16.84687,49.70459],[16.83989,49.70582],[16.84745,49.7162],[16.84392,49.72106],[16.83769,49.7235],[16.83185,49.72908],[16.82835,49.72818],[16.80579,49.73142],[16.80346,49.72703],[16.79172,49.72662],[16.78984,49.73104],[16.79534,49.73413],[16.80026,49.73965],[16.8068,49.74092],[16.81032,49.74695],[16.80574,49.75036],[16.79384,49.7566],[16.79793,49.76182],[16.79678,49.76502],[16.80281,49.76717],[16.79871,49.77111],[16.79887,49.77472],[16.78684,49.77553],[16.77239,49.78753],[16.76617,49.79143],[16.76081,49.79799],[16.76203,49.80009],[16.75622,49.80624],[16.75947,49.81024],[16.75692,49.81561],[16.76059,49.81826],[16.7527,49.82124],[16.75189,49.82394],[16.74044,49.82662],[16.73609,49.83068],[16.73649,49.83603],[16.73991,49.84036],[16.73539,49.84521],[16.73928,49.84849],[16.73766,49.8516],[16.73953,49.85946],[16.74465,49.86448],[16.75289,49.86543],[16.75905,49.86777],[16.76774,49.87418],[16.76112,49.87662],[16.75976,49.88173],[16.75404,49.88799],[16.74986,49.89446],[16.7545,49.8969],[16.75721,49.90069],[16.75272,49.90809],[16.75724,49.91281],[16.75487,49.91705],[16.75661,49.92014],[16.74595,49.92482],[16.75067,49.93156],[16.74205,49.93532],[16.73871,49.94055],[16.7382,49.94515],[16.73449,49.94657],[16.73362,49.961],[16.73526,49.96805],[16.73094,49.97074],[16.73114,49.97567],[16.72723,49.98177],[16.71908,49.98482],[16.7155,49.98982],[16.71199,49.9995],[16.72071,50.00243],[16.7434,50.00126],[16.74741,49.9999],[16.74861,49.99465],[16.75452,49.99745],[16.76023,50.00455],[16.7689,50.00905],[16.76683,50.01672],[16.77529,50.01679],[16.78021,50.02322],[16.78623,50.02422],[16.79299,50.02878],[16.80502,50.02908],[16.80886,50.04022],[16.81874,50.04451],[16.80647,50.05281],[16.81324,50.05685],[16.81375,50.05881],[16.79825,50.06859],[16.80233,50.07401],[16.81029,50.08031],[16.81918,50.08401],[16.81549,50.08944],[16.81276,50.09826],[16.80632,50.10378],[16.8047,50.10897],[16.80829,50.11145],[16.81458,50.11113],[16.82577,50.11467],[16.82448,50.12758],[16.83365,50.12936],[16.83753,50.13849],[16.83818,50.14375],[16.84422,50.15161],[16.84443,50.15624],[16.84737,50.15916],[16.84833,50.16511],[16.85273,50.16965],[16.85785,50.17024],[16.86301,50.17344],[16.86424,50.18094],[16.86732,50.18901],[16.86341,50.19311],[16.86279,50.19824],[16.86207,50.20097],[16.85114,50.20497],[16.84738,50.20744],[16.83519,50.20241],[16.83433,50.19706],[16.82587,50.1946],[16.82285,50.18866],[16.81564,50.19217],[16.8099,50.18934],[16.80543,50.18325],[16.80068,50.18011],[16.79854,50.17481],[16.79736,50.16565],[16.79044,50.15686],[16.78162,50.15133],[16.78335,50.1456],[16.76776,50.14017],[16.76127,50.13598],[16.75499,50.13389],[16.75087,50.13534],[16.74484,50.13454],[16.7408,50.12811],[16.73743,50.12598],[16.73377,50.12017],[16.72936,50.11717],[16.72719,50.1097],[16.71977,50.10251],[16.71126,50.09974],[16.70603,50.09658],[16.68931,50.09847],[16.67828,50.10369],[16.66466,50.10611],[16.66127,50.10788],[16.64087,50.11216],[16.63344,50.11141],[16.63174,50.11494],[16.62551,50.12078],[16.61982,50.12196],[16.61379,50.12541],[16.61305,50.13188],[16.60461,50.13366],[16.59532,50.14047],[16.58998,50.14009],[16.58008,50.14242],[16.56935,50.13865],[16.54661,50.14725],[16.54011,50.15019],[16.53251,50.14892],[16.52706,50.15181],[16.52262,50.15164],[16.52061,50.1596],[16.50571,50.16493],[16.49638,50.16755],[16.49013,50.16698],[16.47856,50.16339],[16.47756,50.15296],[16.47807,50.14607],[16.47429,50.13861],[16.4587,50.13264],[16.45436,50.13181],[16.44927,50.12813],[16.43608,50.12839],[16.43121,50.12574],[16.43025,50.12082],[16.42511,50.11918],[16.41886,50.12237],[16.41074,50.11789],[16.40765,50.11447],[16.39382,50.11813],[16.39296,50.11501],[16.38598,50.10763],[16.37423,50.10068],[16.36536,50.10142],[16.35142,50.10047],[16.35284,50.09718],[16.34608,50.09557],[16.33877,50.08958],[16.33989,50.08576],[16.3441,50.08488],[16.34873,50.07981],[16.35672,50.07726],[16.34695,50.07441],[16.34414,50.07197],[16.33638,50.07093],[16.33411,50.06676],[16.32967,50.06959],[16.31645,50.06795],[16.31874,50.06266],[16.31318,50.06011],[16.32102,50.05703],[16.33145,50.04628],[16.33266,50.04032],[16.31454,50.04442],[16.31012,50.04292],[16.30174,50.04531],[16.30107,50.04712],[16.2862,50.05077],[16.2826,50.04601],[16.27315,50.04808],[16.27262,50.04568],[16.26249,50.04539],[16.25416,50.04298],[16.24771,50.04264],[16.2466,50.05042],[16.23266,50.04467],[16.22551,50.04598],[16.21047,50.04407],[16.20612,50.04005],[16.19899,50.04094],[16.19513,50.03894],[16.19028,50.04642],[16.18125,50.05175],[16.1751,50.05942],[16.1621,50.06167],[16.15738,50.0597],[16.14692,50.06753],[16.13912,50.06279],[16.12826,50.06861],[16.12385,50.07662],[16.12061,50.07981],[16.11175,50.08461],[16.10223,50.08275],[16.09318,50.08369],[16.08995,50.08622],[16.07507,50.08653],[16.07219,50.08962],[16.06964,50.10079],[16.06387,50.10961],[16.06341,50.11279],[16.05037,50.11254],[16.00962,50.11263],[16.00953,50.14604],[15.99219,50.14615],[15.99222,50.15736],[15.96441,50.15754],[15.95709,50.16095],[15.95027,50.16018],[15.94658,50.16331],[15.94121,50.1602],[15.92227,50.17009],[15.91705,50.17069],[15.9181,50.16454],[15.91315,50.16313],[15.9041,50.16334],[15.89708,50.16223],[15.8878,50.16246],[15.8873,50.14715],[15.85259,50.14765],[15.85225,50.13974],[15.83996,50.136],[15.8413,50.13262],[15.83451,50.13173],[15.83432,50.13498],[15.81462,50.13603],[15.81028,50.14028],[15.8043,50.14052],[15.80287,50.14533],[15.80455,50.15267],[15.80944,50.15999],[15.80229,50.16353],[15.80076,50.16767],[15.78811,50.16872],[15.78178,50.17369],[15.77621,50.17566],[15.77115,50.17299],[15.76667,50.16738],[15.75618,50.16853],[15.75439,50.16388],[15.74591,50.16451],[15.7404,50.1611],[15.73953,50.15463],[15.74394,50.15428],[15.73892,50.14164],[15.7314,50.1416],[15.72499,50.13671],[15.71381,50.13886],[15.69903,50.13698],[15.69063,50.12769],[15.66705,50.1297],[15.66711,50.13281],[15.64663,50.13756],[15.64629,50.13281],[15.64123,50.13326],[15.63312,50.137],[15.61899,50.13811],[15.61048,50.13612],[15.6079,50.13846],[15.59599,50.13894],[15.59021,50.1339],[15.58059,50.13669],[15.5807,50.14753],[15.57048,50.1501],[15.56646,50.15],[15.56946,50.14448],[15.56675,50.14193],[15.56144,50.14359],[15.5592,50.13806],[15.55089,50.1347],[15.54229,50.14077],[15.53373,50.14018],[15.5316,50.13804],[15.52129,50.13491],[15.51935,50.12929],[15.51947,50.1233],[15.52486,50.11943],[15.52224,50.11664],[15.5152,50.12073],[15.50815,50.11378],[15.48905,50.11442],[15.48873,50.11047],[15.48302,50.10707],[15.47502,50.10502],[15.47256,50.10063],[15.45214,50.09531],[15.43895,50.10922],[15.43738,50.10989],[15.43375,50.11103],[15.434,50.10189],[15.42549,50.09921],[15.42101,50.10163],[15.41906,50.10629],[15.41393,50.1077],[15.40785,50.10533],[15.39912,50.0955],[15.40741,50.09368],[15.40985,50.09062],[15.4147,50.09403],[15.41963,50.09166],[15.40889,50.08546],[15.40425,50.08604],[15.40795,50.07927],[15.41347,50.07447],[15.41258,50.06306],[15.40217,50.06254],[15.39247,50.05911],[15.38694,50.06102],[15.38056,50.06054],[15.37901,50.05476],[15.38296,50.05249],[15.38964,50.05228],[15.40124,50.04624],[15.39012,50.04556],[15.38565,50.04726],[15.37626,50.04683],[15.37189,50.04277],[15.36589,50.04233],[15.36959,50.03464],[15.37908,50.02602],[15.39323,50.02066],[15.40519,50.01877],[15.40738,50.02174],[15.41435,50.02184],[15.42082,50.01675],[15.42576,50.01771],[15.43138,50.01605],[15.42407,50.00976],[15.42946,50.00823],[15.43191,50.01065],[15.43716,50.00984],[15.4413,50.00703],[15.45109,50.00806],[15.45503,50.01097],[15.46142,50.00703],[15.45658,50.00368],[15.45591,50.00072],[15.45936,49.99748],[15.46415,50.00055],[15.46768,50.00733],[15.47378,50.00345],[15.47205,49.99644],[15.47402,49.9943],[15.46097,49.98733],[15.46944,49.98213],[15.47228,49.9819],[15.50131,49.96819],[15.50968,49.96997],[15.51673,49.96806],[15.52466,49.96263],[15.53153,49.96169],[15.53334,49.95843],[15.52783,49.95523],[15.53284,49.95225],[15.52754,49.94804],[15.5211,49.9458],[15.51611,49.94116],[15.52325,49.93435],[15.532,49.92817],[15.53546,49.92741],[15.5229,49.91612],[15.51585,49.90424],[15.52055,49.90193],[15.513,49.89855],[15.49872,49.89753],[15.49994,49.89132],[15.50344,49.889],[15.50524,49.88315],[15.50136,49.87878],[15.50411,49.87748],[15.50314,49.87155],[15.49576,49.87041],[15.50009,49.86702],[15.49985,49.86234],[15.4971,49.8611]]]},"properties":{"code":"PAK","name":"Pardubický kraj"}},
{"type":"Feature","geometry":{"type":"Polygon","coordinates":[[[14.93201,49.54938],[14.92846,49.5459],[14.92961,49.54078],[14.93474,49.5374],[14.93953,49.53033],[14.94503,49.52763],[14.93869,49.52173],[14.92821,49.5211],[14.92648,49.52402],[14.92037,49.52237],[14.90622,49.52235],[14.90132,49.51451],[14.90608,49.5122],[14.91275,49.51152],[14.91591,49.50813],[14.92446,49.50389],[14.9287,49.49516],[14.92829,49.4881],[14.93307,49.48367],[14.92603,49.48243],[14.91962,49.47231],[14.93009,49.46799],[14.92483,49.46025],[14.92752,49.45636],[14.92113,49.45021],[14.91975,49.44659],[14.91252,49.44363],[14.91414,49.43727],[14.91134,49.43085],[14.90684,49.43123],[14.90339,49.42372],[14.90967,49.42586],[14.91605,49.42469],[14.90191,49.41091],[14.90535,49.40855],[14.9059,49.40482],[14.90151,49.39832],[14.90154,49.39497],[14.89403,49.39338],[14.89255,49.39135],[14.89198,49.37872],[14.88818,49.37596],[14.9108,49.36696],[14.91513,49.36837],[14.92581,49.36255],[14.92575,49.35556],[14.92866,49.35271],[14.9228,49.3514],[14.91521,49.342],[14.90988,49.34067],[14.90933,49.33705],[14.90574,49.33302],[14.90933,49.32805],[14.91343,49.32746],[14.91863,49.32364],[14.9265,49.32097],[14.92998,49.31648],[14.92417,49.31041],[14.94787,49.30424],[14.94952,49.29697],[14.95684,49.29228],[14.96971,49.28786],[14.97716,49.28097],[14.97839,49.27733],[14.99118,49.27502],[15.00109,49.28488],[15.01594,49.29079],[15.01863,49.29086],[15.02948,49.29597],[15.03538,49.29433],[15.03492,49.29161],[15.04164,49.29024],[15.04429,49.28757],[15.04363,49.28392],[15.04816,49.28009],[15.06391,49.2728],[15.06968,49.27342],[15.10367,49.27011],[15.10525,49.26628],[15.10335,49.26081],[15.09796,49.25938],[15.10187,49.25073],[15.09694,49.24874],[15.09157,49.2507],[15.08386,49.25001],[15.08074,49.24774],[15.09275,49.24553],[15.09981,49.24232],[15.10595,49.2459],[15.11999,49.24826],[15.12373,49.24779],[15.13018,49.2413],[15.13817,49.22913],[15.14127,49.22142],[15.15058,49.22116],[15.1552,49.21817],[15.16652,49.21602],[15.17614,49.22124],[15.18286,49.2268],[15.1906,49.23113],[15.19119,49.23587],[15.19757,49.23529],[15.20742,49.22679],[15.21649,49.22797],[15.22277,49.22511],[15.23118,49.22402],[15.24763,49.2205],[15.25753,49.2176],[15.25467,49.21221],[15.25835,49.20945],[15.26553,49.21471],[15.27129,49.2106],[15.28156,49.21112],[15.28493,49.21679],[15.29737,49.21665],[15.30527,49.21343],[15.31319,49.21483],[15.31244,49.21681],[15.31886,49.21917],[15.32509,49.21713],[15.3312,49.21943],[15.34149,49.21833],[15.34549,49.21638],[15.34569,49.21204],[15.34293,49.20455],[15.34461,49.1999],[15.34919,49.19713],[15.34785,49.1935],[15.35046,49.19006],[15.34827,49.1852],[15.34269,49.17923],[15.34432,49.17283],[15.33722,49.16684],[15.34327,49.16689],[15.35174,49.15388],[15.35522,49.15666],[15.3606,49.15523],[15.3584,49.15048],[15.36655,49.14803],[15.3738,49.1487],[15.38012,49.14156],[15.37947,49.13788],[15.38829,49.13424],[15.39135,49.13494],[15.40626,49.13152],[15.41068,49.1278],[15.42222,49.1252],[15.42157,49.11871],[15.42385,49.11764],[15.43023,49.12838],[15.44127,49.13302],[15.44992,49.1282],[15.45634,49.12223],[15.46839,49.11962],[15.46996,49.12282],[15.47869,49.12128],[15.48418,49.1223],[15.49234,49.11945],[15.50278,49.11923],[15.51196,49.13003],[15.51557,49.13129],[15.52667,49.12954],[15.52995,49.12616],[15.53586,49.12468],[15.5393,49.12673],[15.53581,49.13166],[15.53672,49.13549],[15.54275,49.13402],[15.54832,49.13464],[15.55743,49.13011],[15.56747,49.1289],[15.56683,49.1242],[15.56972,49.12187],[15.56753,49.11855],[15.55966,49.11821],[15.5497,49.11476],[15.55418,49.11165],[15.56556,49.10906],[15.56992,49.10506],[15.57782,49.1064],[15.5902,49.10444],[15.58204,49.09828],[15.60305,49.08938],[15.59925,49.08525],[15.58997,49.0845],[15.59599,49.08124],[15.59779,49.07648],[15.58992,49.0722],[15.58105,49.07214],[15.57552,49.07412],[15.57149,49.07089],[15.55324,49.07711],[15.55167,49.07178],[15.55678,49.06685],[15.55522,49.06112],[15.55024,49.06182],[15.54205,49.06046],[15.54435,49.05697],[15.54314,49.05142],[15.54935,49.04991],[15.54579,49.04246],[15.53925,49.04063],[15.52729,49.03929],[15.52486,49.03699],[15.53021,49.03395],[15.53075,49.02661],[15.52498,49.02124],[15.51678,49.02131],[15.51821,49.01578],[15.50924,49.01741],[15.50423,49.00763],[15.4918,49.00492],[15.49354,49],[15.48728,48.99687],[15.48919,48.99288],[15.49627,48.98941],[15.49759,48.99291],[15.50232,48.99258],[15.5083,48.99855],[15.52814,48.99504],[15.52457,48.98873],[15.52319,48.98097],[15.52085,48.97844],[15.52976,48.97407],[15.54465,48.97303],[15.54908,48.97388],[15.55841,48.97203],[15.56267,48.96945],[15.57253,48.96652],[15.5803,48.96575],[15.58048,48.96283],[15.57366,48.95573],[15.58681,48.94696],[15.58798,48.95513],[15.59663,48.9557],[15.59812,48.95311],[15.60421,48.95372],[15.60315,48.95741],[15.61327,48.95848],[15.61873,48.95095],[15.62351,48.95025],[15.62104,48.94571],[15.62383,48.94182],[15.63101,48.94093],[15.63742,48.94234],[15.64284,48.93843],[15.64924,48.93938],[15.65135,48.94697],[15.65808,48.94781],[15.6571,48.95217],[15.66183,48.9526],[15.66388,48.95928],[15.66036,48.96456],[15.66874,48.96569],[15.67527,48.96264],[15.6828,48.96081],[15.69027,48.96629],[15.69661,48.96776],[15.71015,48.96485],[15.71728,48.96173],[15.7209,48.9552],[15.7258,48.95222],[15.72878,48.9477],[15.7333,48.94833],[15.73751,48.95469],[15.74237,48.95868],[15.7416,48.96312],[15.74562,48.96953],[15.75513,48.96638],[15.75654,48.96926],[15.75813,48.98087],[15.76703,48.97939],[15.78501,48.98106],[15.79488,48.98572],[15.79444,48.99098],[15.80017,48.99179],[15.80607,48.99487],[15.79678,48.99712],[15.79814,48.99916],[15.80787,49.00372],[15.81344,49.00447],[15.81861,49.01092],[15.82448,49.00746],[15.82898,49.00783],[15.83477,49.01323],[15.84392,49.01105],[15.84802,49.01155],[15.85034,49.015],[15.85993,49.0108],[15.87526,49.00849],[15.87191,49.01226],[15.87669,49.01783],[15.87876,49.02405],[15.88691,49.03289],[15.88442,49.03609],[15.88656,49.03865],[15.89488,49.03916],[15.8985,49.03649],[15.90538,49.03546],[15.90586,49.02927],[15.91372,49.03057],[15.91724,49.02891],[15.92426,49.0347],[15.93458,49.03908],[15.93194,49.04269],[15.93345,49.04761],[15.9315,49.05109],[15.94581,49.04735],[15.95077,49.05182],[15.96062,49.05653],[15.96499,49.05512],[15.96421,49.05217],[15.96941,49.04369],[15.97653,49.03626],[15.98017,49.0398],[15.98416,49.03676],[15.98295,49.03294],[15.99197,49.03082],[15.99326,49.02875],[16.00953,49.02693],[16.01312,49.02908],[16.0215,49.0294],[16.02389,49.03538],[16.0323,49.03518],[16.03425,49.04067],[16.03036,49.04526],[16.03685,49.04601],[16.03822,49.042],[16.04575,49.04013],[16.05489,49.04203],[16.05607,49.03969],[16.06699,49.03533],[16.07049,49.03853],[16.07473,49.03789],[16.08463,49.03101],[16.08407,49.03562],[16.08691,49.03891],[16.09731,49.03837],[16.10226,49.0408],[16.11843,49.03807],[16.1252,49.04437],[16.12923,49.04594],[16.13409,49.04332],[16.14592,49.04745],[16.14412,49.05023],[16.13913,49.05093],[16.13889,49.05453],[16.13442,49.05472],[16.12899,49.05774],[16.13579,49.06422],[16.13853,49.06862],[16.14583,49.06825],[16.14998,49.07129],[16.15614,49.06949],[16.16087,49.07337],[16.17451,49.07229],[16.17948,49.06912],[16.18305,49.07137],[16.18913,49.07082],[16.198,49.07406],[16.21097,49.07157],[16.21994,49.08142],[16.22679,49.08368],[16.21667,49.0921],[16.22214,49.09808],[16.22663,49.09885],[16.23872,49.09818],[16.24071,49.09999],[16.24739,49.10002],[16.24845,49.10399],[16.25397,49.10444],[16.25602,49.10946],[16.24989,49.11078],[16.24141,49.11537],[16.22131,49.12336],[16.21751,49.12674],[16.2031,49.13423],[16.2075,49.13984],[16.21322,49.14013],[16.21903,49.13499],[16.22405,49.13475],[16.2295,49.13762],[16.23369,49.13606],[16.2372,49.14124],[16.24544,49.14432],[16.23781,49.152],[16.23828,49.15602],[16.23092,49.16233],[16.22514,49.16482],[16.23006,49.16842],[16.2332,49.17476],[16.23921,49.17609],[16.25573,49.17427],[16.26308,49.17998],[16.26993,49.17738],[16.27577,49.18409],[16.26788,49.18545],[16.26894,49.18851],[16.26725,49.19399],[16.27283,49.19656],[16.27442,49.20093],[16.26864,49.20484],[16.25744,49.20956],[16.25068,49.20902],[16.24722,49.21134],[16.23417,49.21223],[16.2373,49.22276],[16.23503,49.22485],[16.23826,49.22967],[16.24231,49.23228],[16.24755,49.2432],[16.25145,49.24762],[16.25163,49.25186],[16.25505,49.25406],[16.26493,49.25442],[16.26999,49.25193],[16.2881,49.25674],[16.28798,49.26377],[16.27808,49.27023],[16.26685,49.27148],[16.25828,49.27444],[16.25531,49.28315],[16.25809,49.29068],[16.26102,49.2928],[16.26667,49.29264],[16.27447,49.29453],[16.27558,49.29796],[16.28051,49.3027],[16.2849,49.30277],[16.28996,49.30802],[16.29201,49.3148],[16.28597,49.32073],[16.27957,49.32103],[16.27478,49.31839],[16.25888,49.32004],[16.25539,49.32193],[16.24437,49.32351],[16.23987,49.32607],[16.24403,49.33115],[16.26168,49.33269],[16.26907,49.33091],[16.27189,49.33436],[16.26758,49.33627],[16.25337,49.33674],[16.25347,49.34025],[16.24212,49.34277],[16.23532,49.35019],[16.22391,49.34867],[16.22017,49.35067],[16.21751,49.35565],[16.23179,49.3666],[16.22944,49.36937],[16.23654,49.37531],[16.23323,49.37763],[16.23622,49.38104],[16.22851,49.3895],[16.22912,49.39227],[16.2356,49.3933],[16.23961,49.40284],[16.2488,49.40444],[16.2549,49.40415],[16.25754,49.41175],[16.25391,49.41433],[16.2609,49.41815],[16.26184,49.4256],[16.27199,49.42997],[16.27837,49.43045],[16.28484,49.43323],[16.29062,49.43133],[16.29275,49.42737],[16.30322,49.43002],[16.31532,49.43143],[16.32172,49.42919],[16.32437,49.43636],[16.33616,49.4397],[16.33167,49.44608],[16.3219,49.45007],[16.31555,49.44792],[16.30962,49.44916],[16.2929,49.4491],[16.30154,49.45232],[16.31137,49.45796],[16.31479,49.46366],[16.32295,49.46759],[16.32835,49.46747],[16.32876,49.47087],[16.33447,49.47075],[16.34411,49.46782],[16.34966,49.47032],[16.35107,49.46348],[16.34779,49.46172],[16.35182,49.44931],[16.36165,49.45341],[16.3668,49.45118],[16.37533,49.45048],[16.38226,49.45686],[16.37404,49.46298],[16.37372,49.46494],[16.39017,49.47],[16.38957,49.47598],[16.38096,49.47568],[16.3752,49.4817],[16.36493,49.48673],[16.36013,49.49096],[16.36238,49.49338],[16.36124,49.49713],[16.3533,49.49882],[16.35961,49.50229],[16.36487,49.50137],[16.36962,49.49809],[16.37272,49.49151],[16.38572,49.49341],[16.38893,49.49894],[16.39618,49.50162],[16.39752,49.5051],[16.40459,49.51097],[16.40841,49.51021],[16.4183,49.5252],[16.41616,49.52736],[16.4154,49.53328],[16.40838,49.53945],[16.40064,49.5382],[16.39394,49.54007],[16.38866,49.53823],[16.38546,49.54206],[16.37774,49.54526],[16.37264,49.55085],[16.37303,49.55375],[16.38282,49.55518],[16.38519,49.55879],[16.38964,49.56003],[16.39149,49.564],[16.38974,49.56647],[16.39299,49.57021],[16.39368,49.57687],[16.39204,49.58012],[16.38677,49.58555],[16.37751,49.59069],[16.37449,49.59869],[16.36962,49.60252],[16.35909,49.60125],[16.3498,49.6082],[16.34813,49.61314],[16.33742,49.61495],[16.32455,49.61535],[16.31692,49.61837],[16.3093,49.61959],[16.30218,49.62371],[16.29644,49.61804],[16.28804,49.62113],[16.28252,49.62624],[16.26981,49.62969],[16.27481,49.64013],[16.26626,49.6406],[16.25699,49.64549],[16.24478,49.6588],[16.23905,49.66125],[16.22538,49.66373],[16.21783,49.6669],[16.2057,49.6662],[16.20364,49.67066],[16.19939,49.67142],[16.19367,49.67835],[16.18884,49.67754],[16.18774,49.67439],[16.17907,49.67547],[16.17671,49.67806],[16.16852,49.68191],[16.16055,49.68157],[16.15253,49.67821],[16.14861,49.68584],[16.13562,49.69045],[16.12316,49.68779],[16.10962,49.68723],[16.10328,49.6833],[16.09851,49.68537],[16.09654,49.6913],[16.08854,49.69603],[16.0903,49.69964],[16.08264,49.70496],[16.0809,49.70893],[16.06994,49.71346],[16.0529,49.71638],[16.04748,49.71144],[16.04471,49.71333],[16.03637,49.71495],[16.03413,49.71722],[16.02567,49.71609],[16.02071,49.71675],[16.00903,49.7237],[16.0098,49.73012],[16.00222,49.7393],[15.99614,49.73821],[15.99663,49.73342],[15.98685,49.72772],[15.98261,49.72797],[15.9723,49.71952],[15.97007,49.71011],[15.97284,49.70349],[15.96697,49.70056],[15.95707,49.70277],[15.95375,49.70195],[15.9566,49.69493],[15.95986,49.6913],[15.95085,49.68937],[15.9495,49.68609],[15.9418,49.68659],[15.93865,49.68829],[15.93039,49.68861],[15.925,49.68595],[15.91635,49.68606],[15.90866,49.69373],[15.90043,49.69851],[15.89555,49.69746],[15.89064,49.70075],[15.8806,49.70365],[15.8701,49.70261],[15.8564,49.71031],[15.85685,49.71374],[15.84866,49.71859],[15.8569,49.7266],[15.85783,49.72953],[15.86468,49.73183],[15.86557,49.7408],[15.86294,49.74327],[15.85184,49.73764],[15.84606,49.7406],[15.83288,49.74109],[15.82751,49.74434],[15.82312,49.75293],[15.81454,49.75513],[15.80929,49.75528],[15.80621,49.75893],[15.80183,49.75705],[15.79207,49.75949],[15.79047,49.75667],[15.77504,49.75567],[15.77367,49.75942],[15.77562,49.76342],[15.77282,49.76505],[15.7813,49.77624],[15.78221,49.77994],[15.77744,49.78149],[15.77445,49.77775],[15.76553,49.77779],[15.75872,49.77975],[15.75526,49.78287],[15.74649,49.78119],[15.73671,49.78123],[15.73033,49.78415],[15.72853,49.78829],[15.71877,49.78897],[15.71864,49.79356],[15.71299,49.79411],[15.71182,49.8003],[15.70376,49.79956],[15.69187,49.80415],[15.68972,49.80129],[15.68385,49.80458],[15.68566,49.81083],[15.68262,49.81167],[15.67579,49.80948],[15.66837,49.8109],[15.66519,49.81528],[15.65921,49.81429],[15.65621,49.80757],[15.64115,49.80592],[15.63471,49.81528],[15.61945,49.80966],[15.61125,49.80889],[15.6032,49.81145],[15.60045,49.81002],[15.58267,49.81992],[15.57923,49.81903],[15.57362,49.82506],[15.56413,49.82924],[15.56073,49.83302],[15.55728,49.83207],[15.54711,49.83736],[15.54579,49.84044],[15.53706,49.84034],[15.52664,49.84602],[15.52118,49.8524],[15.51451,49.85279],[15.50759,49.85683],[15.50183,49.85805],[15.4971,49.8611],[15.49529,49.85597],[15.49101,49.85022],[15.48488,49.85281],[15.47399,49.8508],[15.47593,49.84484],[15.46358,49.84227],[15.45543,49.84484],[15.44639,49.84516],[15.43091,49.83524],[15.43158,49.83208],[15.42421,49.83299],[15.41638,49.8277],[15.41511,49.81995],[15.41933,49.81661],[15.42814,49.81673],[15.43599,49.79922],[15.42509,49.79255],[15.41547,49.79229],[15.40505,49.79391],[15.39478,49.797],[15.39559,49.79357],[15.3913,49.79257],[15.3883,49.80033],[15.38122,49.79767],[15.37805,49.7938],[15.37059,49.78851],[15.36869,49.78297],[15.3646,49.77776],[15.36017,49.77924],[15.3545,49.77686],[15.34633,49.76936],[15.34393,49.7722],[15.33505,49.77535],[15.33158,49.77264],[15.31096,49.76563],[15.29825,49.76796],[15.29632,49.76433],[15.28459,49.76493],[15.28454,49.75981],[15.27822,49.75664],[15.26856,49.75414],[15.26313,49.75495],[15.25099,49.75388],[15.25481,49.76149],[15.24902,49.76358],[15.23833,49.75746],[15.22772,49.75713],[15.22093,49.75155],[15.22282,49.74711],[15.22733,49.74241],[15.2192,49.74122],[15.21478,49.73857],[15.21807,49.73246],[15.21705,49.72589],[15.2058,49.72397],[15.1992,49.72047],[15.20011,49.71816],[15.19281,49.71212],[15.18653,49.71255],[15.18203,49.70798],[15.17828,49.6958],[15.17811,49.689],[15.18257,49.68063],[15.17981,49.67634],[15.18258,49.67436],[15.18255,49.67028],[15.18518,49.66743],[15.19178,49.66787],[15.19631,49.67288],[15.20481,49.66448],[15.2088,49.66265],[15.21664,49.66555],[15.22401,49.66458],[15.23494,49.66475],[15.23307,49.66173],[15.23624,49.65492],[15.24292,49.65027],[15.24935,49.64388],[15.25038,49.64084],[15.24401,49.63589],[15.24957,49.63225],[15.24452,49.62421],[15.22979,49.61942],[15.23057,49.6152],[15.22193,49.61239],[15.21685,49.61404],[15.21284,49.61214],[15.20581,49.61384],[15.20095,49.61163],[15.19292,49.6188],[15.18881,49.6202],[15.18257,49.61808],[15.1779,49.61345],[15.18134,49.61036],[15.1728,49.60918],[15.17195,49.6034],[15.16749,49.60238],[15.16357,49.59539],[15.16693,49.59008],[15.16491,49.58897],[15.15311,49.59152],[15.15365,49.596],[15.14872,49.59821],[15.14408,49.60272],[15.13501,49.59987],[15.12693,49.59968],[15.12177,49.60325],[15.11477,49.6054],[15.11751,49.61036],[15.10205,49.60735],[15.10282,49.60463],[15.09047,49.60239],[15.08791,49.6],[15.0829,49.60061],[15.08084,49.59705],[15.07412,49.59761],[15.06913,49.59591],[15.06244,49.5968],[15.05588,49.59407],[15.05054,49.59536],[15.04891,49.59821],[15.03617,49.6015],[15.0213,49.5968],[15.01592,49.60062],[15.01283,49.59987],[15.00769,49.60364],[14.99745,49.60798],[14.98627,49.60519],[14.98182,49.60595],[14.97468,49.60368],[14.97012,49.59711],[14.97246,49.59383],[14.98204,49.59167],[14.98508,49.58614],[14.99073,49.58512],[14.99297,49.58186],[14.97899,49.57879],[14.96784,49.5782],[14.96182,49.5796],[14.95689,49.57619],[14.94749,49.57967],[14.93959,49.57984],[14.94201,49.57528],[14.93957,49.56931],[14.94137,49.56521],[14.94161,49.55815],[14.93277,49.55751],[14.93099,49.55455],[14.93201,49.54938]]]},"properties":{"code":"VYS","name":"Kraj Vysočina"}},
{"type":"Feature","geometry":{"type":"Polygon","coordinates":[[[15.54243,48.90774],[15.56078,48.90382],[15.57524,48.89669],[15.58131,48.89574],[15.60118,48.8972],[15.61068,48.8965],[15.61244,48.89826],[15.6196,48.89561],[15.62548,48.89108],[15.6256,48.88865],[15.63032,48.88503],[15.63677,48.88464],[15.64239,48.88664],[15.65269,48.88284],[15.66402,48.87527],[15.66947,48.86952],[15.68274,48.862],[15.68645,48.85703],[15.6944,48.85575],[15.69787,48.85842],[15.70911,48.86068],[15.71349,48.85807],[15.73811,48.85515],[15.75366,48.85217],[15.76308,48.85793],[15.77201,48.86523],[15.77953,48.87488],[15.80614,48.87224],[15.81642,48.87316],[15.82758,48.87105],[15.83276,48.87264],[15.8369,48.87682],[15.84155,48.87712],[15.84332,48.87339],[15.8507,48.86927],[15.85207,48.8664],[15.84153,48.86204],[15.84551,48.85863],[15.8583,48.85721],[15.8648,48.85239],[15.87343,48.85397],[15.87688,48.85953],[15.8807,48.85559],[15.87974,48.84792],[15.8837,48.84243],[15.89017,48.84308],[15.89297,48.84858],[15.89657,48.84895],[15.90458,48.84101],[15.90281,48.83741],[15.90698,48.83553],[15.91672,48.83864],[15.92237,48.83489],[15.93045,48.83398],[15.92714,48.83092],[15.92417,48.82456],[15.93457,48.81911],[15.94031,48.81938],[15.94089,48.82754],[15.9462,48.82774],[15.94854,48.82244],[15.95508,48.8237],[15.95982,48.82068],[15.95199,48.81392],[15.94963,48.80525],[15.95958,48.79845],[15.96472,48.79842],[15.98655,48.78603],[15.99437,48.77934],[16.00702,48.77606],[16.01288,48.77364],[16.02047,48.77223],[16.04118,48.76413],[16.05284,48.76102],[16.06492,48.75462],[16.07918,48.75022],[16.09283,48.74687],[16.1026,48.74543],[16.11798,48.74669],[16.13894,48.74275],[16.13927,48.74541],[16.14989,48.74319],[16.15473,48.74845],[16.17273,48.74631],[16.189,48.74326],[16.20441,48.74294],[16.22285,48.74018],[16.24871,48.73963],[16.26306,48.73701],[16.26833,48.74134],[16.2779,48.74151],[16.2883,48.74019],[16.29663,48.73766],[16.29902,48.73972],[16.30532,48.73865],[16.31036,48.73384],[16.32989,48.73125],[16.33623,48.7323],[16.34027,48.74275],[16.34617,48.74077],[16.34974,48.74216],[16.35726,48.73782],[16.35145,48.73364],[16.35977,48.72807],[16.3664,48.72809],[16.37736,48.73097],[16.38903,48.73638],[16.3941,48.73643],[16.40434,48.74053],[16.40951,48.74435],[16.41258,48.75162],[16.42258,48.76191],[16.42782,48.7622],[16.435,48.76563],[16.43761,48.76851],[16.43927,48.77432],[16.43524,48.77658],[16.43997,48.78384],[16.44775,48.79058],[16.4467,48.79563],[16.4487,48.79938],[16.4619,48.80464],[16.45904,48.80808],[16.46448,48.80989],[16.46874,48.80678],[16.47839,48.80227],[16.4999,48.80122],[16.51614,48.80265],[16.51864,48.79824],[16.52344,48.79977],[16.53279,48.80767],[16.5341,48.81096],[16.54073,48.81429],[16.54965,48.80658],[16.55555,48.80363],[16.56473,48.7939],[16.58184,48.79218],[16.59353,48.78692],[16.59359,48.78267],[16.61035,48.78056],[16.61825,48.78145],[16.63061,48.78043],[16.63478,48.7858],[16.65142,48.78514],[16.66421,48.78039],[16.664,48.77554],[16.67465,48.77153],[16.67761,48.76659],[16.67956,48.75917],[16.68051,48.7493],[16.67385,48.7427],[16.67556,48.73731],[16.68029,48.73348],[16.68259,48.72779],[16.68863,48.72927],[16.70112,48.73654],[16.71443,48.73807],[16.72321,48.73819],[16.72845,48.73667],[16.73956,48.73048],[16.74729,48.73211],[16.7539,48.72013],[16.7637,48.71864],[16.76854,48.71494],[16.77579,48.71194],[16.78987,48.71385],[16.79967,48.70936],[16.80607,48.70908],[16.80607,48.71216],[16.81634,48.71028],[16.82726,48.71109],[16.83426,48.71653],[16.84151,48.7115],[16.86945,48.71248],[16.87212,48.71687],[16.8792,48.723],[16.8855,48.71663],[16.89812,48.71605],[16.90226,48.71784],[16.90565,48.71396],[16.90462,48.70944],[16.91111,48.70692],[16.91685,48.6996],[16.91853,48.69362],[16.9104,48.67597],[16.91274,48.67385],[16.91929,48.67278],[16.92295,48.67033],[16.92205,48.66271],[16.92324,48.6589],[16.91927,48.65172],[16.92032,48.64564],[16.92835,48.63925],[16.92546,48.63568],[16.92532,48.63184],[16.9188,48.62603],[16.9194,48.62192],[16.92808,48.61907],[16.93552,48.61914],[16.9402,48.61654],[16.9456,48.62089],[16.95342,48.62235],[16.9573,48.62494],[16.95797,48.6287],[16.96201,48.63186],[16.96318,48.63959],[16.96809,48.64354],[16.96951,48.64826],[16.96697,48.65497],[16.96829,48.6593],[16.96788,48.66857],[16.97622,48.67471],[16.98085,48.68304],[16.99573,48.69022],[16.99851,48.69368],[16.99699,48.7041],[16.99779,48.70883],[17.00381,48.71337],[17.01122,48.71694],[17.01351,48.72089],[17.01355,48.72609],[17.01576,48.73032],[17.02491,48.73771],[17.02813,48.74512],[17.03683,48.75055],[17.04064,48.75499],[17.04275,48.76361],[17.04837,48.76747],[17.05719,48.77002],[17.06205,48.77272],[17.06844,48.77903],[17.08211,48.78231],[17.08911,48.786],[17.09077,48.79617],[17.09396,48.79914],[17.10447,48.80523],[17.1062,48.80888],[17.10712,48.8171],[17.10539,48.82433],[17.10819,48.82874],[17.11491,48.83325],[17.14445,48.84297],[17.15315,48.84437],[17.16199,48.85338],[17.17301,48.85767],[17.18161,48.86476],[17.18604,48.87018],[17.19228,48.8747],[17.202,48.87815],[17.21622,48.87133],[17.22517,48.87157],[17.23028,48.86891],[17.24207,48.86836],[17.24877,48.86611],[17.2535,48.8622],[17.26259,48.86013],[17.27211,48.86176],[17.27941,48.85874],[17.28086,48.85492],[17.29024,48.85088],[17.2992,48.84893],[17.30162,48.8454],[17.31297,48.84335],[17.32167,48.8453],[17.32475,48.83625],[17.32912,48.83293],[17.33862,48.82841],[17.34809,48.82552],[17.35418,48.82202],[17.3594,48.815],[17.36389,48.81355],[17.37846,48.81919],[17.38706,48.81566],[17.38944,48.81659],[17.39635,48.81322],[17.40126,48.81681],[17.40268,48.82044],[17.40909,48.82213],[17.41847,48.82929],[17.42703,48.8263],[17.43593,48.84061],[17.44262,48.83814],[17.44382,48.84065],[17.45319,48.84674],[17.47701,48.84155],[17.50776,48.82053],[17.51596,48.81782],[17.51995,48.81277],[17.52854,48.81217],[17.53939,48.81886],[17.54588,48.81631],[17.55302,48.81976],[17.55535,48.82269],[17.54825,48.82743],[17.55458,48.83156],[17.55737,48.82857],[17.57115,48.82372],[17.58514,48.82569],[17.58889,48.82519],[17.59572,48.82912],[17.59808,48.8373],[17.60202,48.84094],[17.62095,48.84202],[17.62054,48.84673],[17.63285,48.85485],[17.64694,48.85426],[17.63861,48.86243],[17.63484,48.86939],[17.63589,48.87541],[17.62325,48.88102],[17.62519,48.88283],[17.61637,48.89123],[17.61463,48.89548],[17.60421,48.9051],[17.60132,48.91044],[17.59412,48.91159],[17.58231,48.91107],[17.5794,48.91396],[17.57341,48.91587],[17.56446,48.92189],[17.55843,48.92227],[17.54809,48.91627],[17.54042,48.92461],[17.54304,48.93139],[17.54862,48.93657],[17.55337,48.94308],[17.54806,48.94767],[17.52302,48.95683],[17.50863,48.9528],[17.50529,48.95967],[17.49905,48.96638],[17.49748,48.96134],[17.48346,48.9573],[17.478,48.95691],[17.47185,48.96294],[17.46672,48.96277],[17.45181,48.95647],[17.45094,48.9574],[17.4343,48.9504],[17.43054,48.95396],[17.41687,48.96076],[17.41042,48.96663],[17.3983,48.97308],[17.3966,48.9805],[17.39206,48.98176],[17.38096,48.97975],[17.37499,48.97659],[17.36969,48.97775],[17.36298,48.97581],[17.3518,48.97917],[17.35379,48.98577],[17.35829,48.98805],[17.35706,48.99044],[17.36,48.99488],[17.35702,48.99733],[17.36203,49.00537],[17.35295,49.00762],[17.3459,49.00773],[17.34299,49.01224],[17.33199,49.01526],[17.32594,49.0122],[17.32057,49.01377],[17.3138,49.01203],[17.3106,49.01708],[17.30393,49.0185],[17.28683,49.01768],[17.28235,49.01452],[17.27524,49.01375],[17.27585,49.02354],[17.27013,49.02663],[17.26789,49.03422],[17.26344,49.03433],[17.25383,49.0306],[17.25104,49.03846],[17.24139,49.03872],[17.23009,49.04033],[17.22354,49.03233],[17.21976,49.03624],[17.22143,49.04251],[17.23104,49.05641],[17.22987,49.06128],[17.23178,49.0655],[17.22796,49.06772],[17.22856,49.07307],[17.2221,49.0744],[17.21741,49.07725],[17.21349,49.09294],[17.19858,49.09178],[17.18339,49.08474],[17.17627,49.08401],[17.16161,49.08052],[17.15026,49.07854],[17.14492,49.07316],[17.1376,49.07669],[17.13122,49.07421],[17.12435,49.07429],[17.11214,49.07723],[17.11644,49.08045],[17.11983,49.08605],[17.11807,49.09061],[17.11353,49.08997],[17.11422,49.09914],[17.11731,49.1027],[17.12547,49.10362],[17.13414,49.10054],[17.14156,49.10351],[17.14004,49.10674],[17.14753,49.12635],[17.14862,49.13283],[17.15378,49.13532],[17.16297,49.13495],[17.16615,49.1325],[17.17371,49.13813],[17.188,49.13864],[17.18832,49.14399],[17.19163,49.14671],[17.19035,49.15005],[17.19467,49.15934],[17.19907,49.15998],[17.19674,49.16634],[17.20099,49.17118],[17.20254,49.17555],[17.19973,49.18219],[17.1942,49.18347],[17.18748,49.17763],[17.18647,49.17508],[17.18058,49.17286],[17.17661,49.17572],[17.16993,49.1768],[17.1538,49.17441],[17.14843,49.17653],[17.15452,49.1793],[17.1566,49.18372],[17.16449,49.18839],[17.16452,49.19131],[17.15746,49.19449],[17.15,49.19635],[17.15073,49.20481],[17.1429,49.21198],[17.13569,49.21512],[17.14658,49.2266],[17.14756,49.2301],[17.144,49.23563],[17.13445,49.24374],[17.12979,49.24488],[17.13312,49.25007],[17.14109,49.25371],[17.1524,49.26323],[17.15376,49.27008],[17.15968,49.27512],[17.16204,49.27787],[17.15534,49.2809],[17.15111,49.29108],[17.14286,49.29862],[17.14367,49.30185],[17.14112,49.3088],[17.13607,49.31536],[17.14107,49.3168],[17.1407,49.32189],[17.13791,49.32712],[17.12792,49.32488],[17.11664,49.33589],[17.09542,49.34252],[17.09261,49.33957],[17.07979,49.3443],[17.06153,49.34874],[17.06065,49.35265],[17.04663,49.35472],[17.03921,49.35854],[17.04848,49.36057],[17.04948,49.36473],[17.04751,49.36767],[17.0339,49.37003],[17.03086,49.36876],[17.0228,49.37168],[17.02221,49.37541],[17.02583,49.37858],[17.0268,49.38242],[17.0246,49.39012],[17.02793,49.39384],[17.02387,49.397],[17.02429,49.40359],[17.01589,49.40357],[17.01323,49.41126],[17.01494,49.41771],[17.00456,49.41988],[17.00231,49.41858],[16.99407,49.42095],[16.99115,49.42465],[16.99357,49.4317],[16.99242,49.43662],[16.9834,49.43564],[16.98181,49.44185],[16.98493,49.44338],[16.9845,49.44815],[16.98708,49.44922],[16.98733,49.455],[16.98113,49.45768],[16.97534,49.45666],[16.97191,49.46032],[16.9777,49.46329],[16.96928,49.46873],[16.9587,49.46826],[16.95802,49.47411],[16.95895,49.48139],[16.94987,49.48597],[16.94474,49.49215],[16.93812,49.49489],[16.93383,49.49107],[16.91501,49.49996],[16.91082,49.4979],[16.90565,49.49898],[16.88549,49.48999],[16.87546,49.48841],[16.8757,49.48237],[16.86906,49.47907],[16.8716,49.47632],[16.86794,49.47061],[16.87208,49.46848],[16.87716,49.46887],[16.88125,49.4669],[16.88688,49.46038],[16.89665,49.45996],[16.90128,49.45675],[16.89786,49.45014],[16.89162,49.44758],[16.90175,49.44294],[16.90756,49.44355],[16.90928,49.44103],[16.90671,49.43783],[16.90893,49.43242],[16.91573,49.42898],[16.91025,49.42438],[16.90343,49.42237],[16.90307,49.41908],[16.89695,49.41645],[16.89255,49.41633],[16.89154,49.41244],[16.89389,49.40977],[16.89107,49.4052],[16.89298,49.40297],[16.88625,49.39889],[16.87819,49.39878],[16.87184,49.39486],[16.8699,49.39143],[16.86281,49.38717],[16.85961,49.38122],[16.85293,49.3868],[16.83554,49.3917],[16.82902,49.39841],[16.81626,49.40323],[16.80843,49.40411],[16.80437,49.40783],[16.80718,49.41242],[16.79628,49.41177],[16.7946,49.41611],[16.80028,49.42116],[16.7979,49.42479],[16.80035,49.42882],[16.81082,49.42916],[16.81537,49.43186],[16.82077,49.43051],[16.82656,49.4318],[16.82908,49.43629],[16.82388,49.4387],[16.81887,49.44382],[16.81541,49.44518],[16.81806,49.45193],[16.8065,49.45232],[16.80132,49.45662],[16.79788,49.45712],[16.79677,49.46241],[16.79799,49.4736],[16.79281,49.47945],[16.79299,49.48264],[16.7892,49.48562],[16.79182,49.49313],[16.78443,49.49689],[16.78809,49.49952],[16.79069,49.50654],[16.78802,49.50991],[16.79272,49.51265],[16.79714,49.51071],[16.80461,49.51219],[16.80624,49.51556],[16.80425,49.52222],[16.80144,49.524],[16.80653,49.52859],[16.81401,49.53171],[16.82225,49.52908],[16.83007,49.52997],[16.83231,49.5324],[16.82567,49.53455],[16.82249,49.5331],[16.81558,49.53432],[16.81229,49.53681],[16.80704,49.53316],[16.79321,49.53428],[16.78211,49.53816],[16.7791,49.54072],[16.75949,49.54251],[16.75443,49.54471],[16.74752,49.5431],[16.73781,49.54295],[16.73997,49.5488],[16.74661,49.55111],[16.74912,49.55799],[16.75291,49.55998],[16.75098,49.56299],[16.74553,49.56482],[16.74578,49.57022],[16.74235,49.57526],[16.74672,49.57879],[16.74837,49.58386],[16.76199,49.5792],[16.76657,49.58073],[16.77766,49.57823],[16.7796,49.57409],[16.78344,49.57304],[16.79266,49.57383],[16.80037,49.57611],[16.80183,49.57916],[16.79655,49.58122],[16.79557,49.58496],[16.78975,49.58712],[16.7884,49.59167],[16.79317,49.59147],[16.80427,49.59649],[16.80406,49.5988],[16.79311,49.59818],[16.78211,49.596],[16.77383,49.5981],[16.76687,49.60194],[16.75649,49.60419],[16.75116,49.60651],[16.74306,49.60802],[16.72731,49.61512],[16.71863,49.61589],[16.71551,49.6214],[16.69388,49.6245],[16.67969,49.62302],[16.66958,49.62536],[16.66032,49.62519],[16.65593,49.62373],[16.65062,49.61867],[16.63657,49.62902],[16.62781,49.62987],[16.62101,49.63208],[16.62095,49.62818],[16.61374,49.62414],[16.60709,49.62225],[16.59578,49.62343],[16.59075,49.62616],[16.58617,49.6228],[16.57494,49.62737],[16.57241,49.63024],[16.56689,49.62674],[16.55543,49.63083],[16.5484,49.62826],[16.54896,49.62257],[16.54638,49.61662],[16.5476,49.61061],[16.54344,49.60835],[16.54439,49.59991],[16.53991,49.59834],[16.54121,49.59148],[16.52961,49.59059],[16.51677,49.59214],[16.51265,49.59023],[16.49943,49.59276],[16.49233,49.59946],[16.48734,49.59997],[16.47743,49.59512],[16.47262,49.59156],[16.46352,49.59299],[16.44599,49.58771],[16.44575,49.59158],[16.44883,49.59579],[16.44444,49.59787],[16.43393,49.59768],[16.4326,49.59429],[16.41708,49.5949],[16.41595,49.59004],[16.4204,49.58624],[16.41906,49.5839],[16.40923,49.58028],[16.40295,49.5735],[16.39872,49.57507],[16.39593,49.57898],[16.39204,49.58012],[16.39368,49.57687],[16.39299,49.57021],[16.38974,49.56647],[16.39149,49.564],[16.38964,49.56003],[16.38519,49.55879],[16.38282,49.55518],[16.37303,49.55375],[16.37264,49.55085],[16.37774,49.54526],[16.38546,49.54206],[16.38866,49.53823],[16.39394,49.54007],[16.40064,49.5382],[16.40838,49.53945],[16.4154,49.53328],[16.41616,49.52736],[16.4183,49.5252],[16.40841,49.51021],[16.40459,49.51097],[16.39752,49.5051],[16.39618,49.50162],[16.38893,49.49894],[16.38572,49.49341],[16.37272,49.49151],[16.36962,49.49809],[16.36487,49.50137],[16.35961,49.50229],[16.3533,49.49882],[16.36124,49.49713],[16.36238,49.49338],[16.36013,49.49096],[16.36493,49.48673],[16.3752,49.4817],[16.38096,49.47568],[16.38957,49.47598],[16.39017,49.47],[16.37372,49.46494],[16.37404,49.46298],[16.38226,49.45686],[16.37533,49.45048],[16.3668,49.45118],[16.36165,49.45341],[16.35182,49.44931],[16.34779,49.46172],[16.35107,49.46348],[16.34966,49.47032],[16.34411,49.46782],[16.33447,49.47075],[16.32876,49.47087],[16.32835,49.46747],[16.32295,49.46759],[16.31479,49.46366],[16.31137,49.45796],[16.30154,49.45232],[16.2929,49.4491],[16.30962,49.44916],[16.31555,49.44792],[16.3219,49.45007],[16.33167,49.44608],[16.33616,49.4397],[16.32437,49.43636],[16.32172,49.42919],[16.31532,49.43143],[16.30322,49.43002],[16.29275,49.42737],[16.29062,49.43133],[16.28484,49.43323],[16.27837,49.43045],[16.27199,49.42997],[16.26184,49.4256],[16.2609,49.41815],[16.25391,49.41433],[16.25754,49.41175],[16.2549,49.40415],[16.2488,49.40444],[16.23961,49.40284],[16.2356,49.3933],[16.22912,49.39227],[16.22851,49.3895],[16.23622,49.38104],[16.23323,49.37763],[16.23654,49.37531],[16.22944,49.36937],[16.23179,49.3666],[16.21751,49.35565],[16.22017,49.35067],[16.22391,49.34867],[16.23532,49.35019],[16.24212,49.34277],[16.25347,49.34025],[16.25337,49.33674],[16.26758,49.33627],[16.27189,49.33436],[16.26907,49.33091],[16.26168,49.33269],[16.24403,49.33115],[16.23987,49.32607],[16.24437,49.32351],[16.25539,49.32193],[16.25888,49.32004],[16.27478,49.31839],[16.27957,49.32103],[16.28597,49.32073],[16.29201,49.3148],[16.28996,49.30802],[16.2849,49.30277],[16.28051,49.3027],[16.27558,49.29796],[16.27447,49.29453],[16.26667,49.29264],[16.26102,49.2928],[16.25809,49.29068],[16.25531,49.28315],[16.25828,49.27444],[16.26685,49.27148],[16.27808,49.27023],[16.28798,49.26377],[16.2881,49.25674],[16.26999,49.25193],[16.26493,49.25442],[16.25505,49.25406],[16.25163,49.25186],[16.25145,49.24762],[16.24755,49.2432],[16.24231,49.23228],[16.23826,49.22967],[16.23503,49.22485],[16.2373,49.22276],[16.23417,49.21223],[16.24722,49.21134],[16.25068,49.20902],[16.25744,49.20956],[16.26864,49.20484],[16.27442,49.20093],[16.27283,49.19656],[16.26725,49.19399],[16.26894,49.18851],[16.26788,49.18545],[16.27577,49.18409],[16.26993,49.17738],[16.26308,49.17998],[16.25573,49.17427],[16.23921,49.17609],[16.2332,49.17476],[16.23006,49.16842],[16.22514,49.16482],[16.23092,49.16233],[16.23828,49.15602],[16.23781,49.152],[16.24544,49.14432],[16.2372,49.14124],[16.23369,49.13606],[16.2295,49.13762],[16.22405,49.13475],[16.21903,49.13499],[16.21322,49.14013],[16.2075,49.13984],[16.2031,49.13423],[16.21751,49.12674],[16.22131,49.12336],[16.24141,49.11537],[16.24989,49.11078],[16.25602,49.10946],[16.25397,49.10444],[16.24845,49.10399],[16.24739,49.10002],[16.24071,49.09999],[16.23872,49.09818],[16.22663,49.09885],[16.22214,49.09808],[16.21667,49.0921],[16.22679,49.08368],[16.21994,49.08142],[16.21097,49.07157],[16.198,49.07406],[16.18913,49.07082],[16.18305,49.07137],[16.17948,49.06912],[16.17451,49.07229],[16.16087,49.07337],[16.15614,49.06949],[16.14998,49.07129],[16.14583,49.06825],[16.13853,49.06862],[16.13579,49.06422],[16.12899,49.05774],[16.13442,49.05472],[16.13889,49.05453],[16.13913,49.05093],[16.14412,49.05023],[16.14592,49.04745],[16.13409,49.04332],[16.12923,49.04594],[16.1252,49.04437],[16.11843,49.03807],[16.10226,49.0408],[16.09731,49.03837],[16.08691,49.03891],[16.08407,49.03562],[16.08463,49.03101],[16.07473,49.03789],[16.07049,49.03853],[16.06699,49.03533],[16.05607,49.03969],[16.05489,49.04203],[16.04575,49.04013],[16.03822,49.042],[16.03685,49.04601],[16.03036,49.04526],[16.03425,49.04067],[16.0323,49.03518],[16.02389,49.03538],[16.0215,49.0294],[16.01312,49.02908],[16.00953,49.02693],[15.99326,49.02875],[15.99197,49.03082],[15.98295,49.03294],[15.98416,49.03676],[15.98017,49.0398],[15.97653,49.03626],[15.96941,49.04369],[15.96421,49.05217],[15.96499,49.05512],[15.96062,49.05653],[15.95077,49.05182],[15.94581,49.04735],[15.9315,49.05109],[15.93345,49.04761],[15.93194,49.04269],[15.93458,49.03908],[15.92426,49.0347],[15.91724,49.02891],[15.91372,49.03057],[15.90586,49.02927],[15.90538,49.03546],[15.8985,49.03649],[15.89488,49.03916],[15.88656,49.03865],[15.88442,49.03609],[15.88691,49.03289],[15.87876,49.02405],[15.87669,49.01783],[15.87191,49.01226],[15.87526,49.00849],[15.85993,49.0108],[15.85034,49.015],[15.84802,49.01155],[15.84392,49.01105],[15.83477,49.01323],[15.82898,49.00783],[15.82448,49.00746],[15.81861,49.01092],[15.81344,49.00447],[15.80787,49.00372],[15.79814,48.99916],[15.79678,48.99712],[15.80607,48.99487],[15.80017,48.99179],[15.79444,48.99098],[15.79488,48.98572],[15.78501,48.98106],[15.76703,48.97939],[15.75813,48.98087],[15.75654,48.96926],[15.75513,48.96638],[15.74562,48.96953],[15.7416,48.96312],[15.74237,48.95868],[15.73751,48.95469],[15.7333,48.94833],[15.72878,48.9477],[15.7258,48.95222],[15.7209,48.9552],[15.71728,48.96173],[15.71015,48.96485],[15.69661,48.96776],[15.69027,48.96629],[15.6828,48.96081],[15.67527,48.96264],[15.66874,48.96569],[15.66036,48.96456],[15.66388,48.95928],[15.66183,48.9526],[15.6571,48.95217],[15.65808,48.94781],[15.65135,48.94697],[15.64924,48.93938],[15.64284,48.93843],[15.63742,48.94234],[15.63101,48.94093],[15.62383,48.94182],[15.62104,48.94571],[15.62351,48.95025],[15.61873,48.95095],[15.61327,48.95848],[15.60315,48.95741],[15.60421,48.95372],[15.59812,48.95311],[15.59663,48.9557],[15.58798,48.95513],[15.58681,48.94696],[15.57902,48.94102],[15.57264,48.94034],[15.56922,48.93189],[15.56192,48.9312],[15.56309,48.92758],[15.55863,48.92418],[15.54959,48.92389],[15.54864,48.91648],[15.5456,48.91484],[15.54243,48.90774]]]},"properties":{"code":"JHM","name":"Jihomoravský kraj"}},
{"type":"Feature","geometry":{"type":"Polygon","coordinates":[[[16.80406,49.5988],[16.80427,49.59649],[16.79317,49.59147],[16.7884,49.59167],[16.78975,49.58712],[16.79557,49.58496],[16.79655,49.58122],[16.80183,49.57916],[16.80037,49.57611],[16.79266,49.57383],[16.78344,49.57304],[16.7796,49.57409],[16.77766,49.57823],[16.76657,49.58073],[16.76199,49.5792],[16.74837,49.58386],[16.74672,49.57879],[16.74235,49.57526],[16.74578,49.57022],[16.74553,49.56482],[16.75098,49.56299],[16.75291,49.55998],[16.74912,49.55799],[16.74661,49.55111],[16.73997,49.5488],[16.73781,49.54295],[16.74752,49.5431],[16.75443,49.54471],[16.75949,49.54251],[16.7791,49.54072],[16.78211,49.53816],[16.79321,49.53428],[16.80704,49.53316],[16.81229,49.53681],[16.81558,49.53432],[16.82249,49.5331],[16.82567,49.53455],[16.83231,49.5324],[16.83007,49.52997],[16.82225,49.52908],[16.81401,49.53171],[16.80653,49.52859],[16.80144,49.524],[16.80425,49.52222],[16.80624,49.51556],[16.80461,49.51219],[16.79714,49.51071],[16.79272,49.51265],[16.78802,49.50991],[16.79069,49.50654],[16.78809,49.49952],[16.78443,49.49689],[16.79182,49.49313],[16.7892,49.48562],[16.79299,49.48264],[16.79281,49.47945],[16.79799,49.4736],[16.79677,49.46241],[16.79788,49.45712],[16.80132,49.45662],[16.8065,49.45232],[16.81806,49.45193],[16.81541,49.44518],[16.81887,49.44382],[16.82388,49.4387],[16.82908,49.43629],[16.82656,49.4318],[16.82077,49.43051],[16.81537,49.43186],[16.81082,49.42916],[16.80035,49.42882],[16.7979,49.42479],[16.80028,49.42116],[16.7946,49.41611],[16.79628,49.41177],[16.80718,49.41242],[16.80437,49.40783],[16.80843,49.40411],[16.81626,49.40323],[16.82902,49.39841],[16.83554,49.3917],[16.85293,49.3868],[16.85961,49.38122],[16.86281,49.38717],[16.8699,49.39143],[16.87184,49.39486],[16.87819,49.39878],[16.88625,49.39889],[16.89298,49.40297],[16.89107,49.4052],[16.89389,49.40977],[16.89154,49.41244],[16.89255,49.41633],[16.89695,49.41645],[16.90307,49.41908],[16.90343,49.42237],[16.91025,49.42438],[16.91573,49.42898],[16.90893,49.43242],[16.90671,49.43783],[16.90928,49.44103],[16.90756,49.44355],[16.90175,49.44294],[16.89162,49.44758],[16.89786,49.45014],[16.90128,49.45675],[16.89665,49.45996],[16.88688,49.46038],[16.88125,49.4669],[16.87716,49.46887],[16.87208,49.46848],[16.86794,49.47061],[16.8716,49.47632],[16.86906,49.47907],[16.8757,49.48237],[16.87546,49.48841],[16.88549,49.48999],[16.90565,49.49898],[16.91082,49.4979],[16.91501,49.49996],[16.93383,49.49107],[16.93812,49.49489],[16.94474,49.49215],[16.94987,49.48597],[16.95895,49.48139],[16.95802,49.47411],[16.9587,49.46826],[16.96928,49.46873],[16.9777,49.46329],[16.97191,49.46032],[16.97534,49.45666],[16.98113,49.45768],[16.98733,49.455],[16.98708,49.44922],[16.9845,49.44815],[16.98493,49.44338],[16.98181,49.44185],[16.9834,49.43564],[16.99242,49.43662],[16.99357,49.4317],[16.99115,49.42465],[16.99407,49.42095],[17.00231,49.41858],[17.00456,49.41988],[17.01494,49.41771],[17.01323,49.41126],[17.01589,49.40357],[17.02429,49.40359],[17.02387,49.397],[17.02793,49.39384],[17.0246,49.39012],[17.0268,49.38242],[17.02583,49.37858],[17.02221,49.37541],[17.0228,49.37168],[17.03086,49.36876],[17.0339,49.37003],[17.04751,49.36767],[17.04948,49.36473],[17.04848,49.36057],[17.03921,49.35854],[17.04663,49.35472],[17.06065,49.35265],[17.06153,49.34874],[17.07979,49.3443],[17.09261,49.33957],[17.09542,49.34252],[17.11664,49.33589],[17.12792,49.32488],[17.13791,49.32712],[17.1407,49.32189],[17.14107,49.3168],[17.13607,49.31536],[17.14112,49.3088],[17.14367,49.30185],[17.14286,49.29862],[17.15111,49.29108],[17.15534,49.2809],[17.16204,49.27787],[17.15968,49.27512],[17.16492,49.27028],[17.17892,49.27178],[17.18084,49.27988],[17.1781,49.27976],[17.17938,49.2874],[17.18961,49.28937],[17.19433,49.29129],[17.19027,49.29574],[17.19972,49.29645],[17.20115,49.29271],[17.21234,49.28861],[17.21576,49.29395],[17.22059,49.2938],[17.23099,49.29853],[17.24141,49.29424],[17.25378,49.29995],[17.25942,49.30051],[17.27119,49.2943],[17.28633,49.29831],[17.29117,49.30092],[17.29219,49.30614],[17.29854,49.30807],[17.29945,49.31211],[17.3121,49.31792],[17.3153,49.32723],[17.31521,49.3309],[17.32698,49.33156],[17.33241,49.33376],[17.338,49.34033],[17.35055,49.34285],[17.35321,49.34644],[17.35407,49.35215],[17.35083,49.35734],[17.34197,49.35964],[17.34338,49.36398],[17.33679,49.36895],[17.33833,49.37109],[17.33418,49.37511],[17.33307,49.38311],[17.33526,49.38391],[17.33534,49.39039],[17.33896,49.39006],[17.34249,49.39364],[17.35006,49.3965],[17.35262,49.401],[17.35446,49.40813],[17.36213,49.40899],[17.37148,49.41224],[17.38208,49.40365],[17.37738,49.39964],[17.37596,49.39544],[17.37473,49.38008],[17.38815,49.38154],[17.39031,49.38804],[17.40627,49.38449],[17.41017,49.38603],[17.4151,49.38325],[17.41676,49.37864],[17.4289,49.37912],[17.43529,49.38071],[17.44283,49.37931],[17.45834,49.37492],[17.46632,49.36984],[17.47091,49.36283],[17.47239,49.35613],[17.47741,49.3561],[17.49766,49.3701],[17.50697,49.37903],[17.51497,49.3834],[17.51533,49.39052],[17.50898,49.39404],[17.51439,49.39792],[17.51591,49.40112],[17.52303,49.40234],[17.52321,49.39849],[17.52861,49.39634],[17.53254,49.40103],[17.54608,49.40562],[17.5501,49.40387],[17.56814,49.40672],[17.57052,49.40555],[17.58099,49.40761],[17.59156,49.40419],[17.59317,49.39911],[17.59862,49.39989],[17.60785,49.39774],[17.62024,49.397],[17.63186,49.40114],[17.6342,49.40708],[17.64274,49.40929],[17.65034,49.415],[17.64475,49.41864],[17.64515,49.42335],[17.64021,49.42659],[17.63453,49.43263],[17.63602,49.43408],[17.62319,49.44092],[17.62594,49.44411],[17.62094,49.44698],[17.62467,49.4497],[17.62994,49.44661],[17.63628,49.4499],[17.63939,49.44805],[17.64781,49.45124],[17.65754,49.44067],[17.66439,49.43922],[17.67126,49.44257],[17.66859,49.45298],[17.67162,49.45535],[17.67634,49.46266],[17.68104,49.46262],[17.68668,49.45926],[17.6921,49.46321],[17.69693,49.45646],[17.7024,49.45561],[17.7078,49.4515],[17.71201,49.45092],[17.71072,49.44309],[17.71998,49.43782],[17.72505,49.43917],[17.73379,49.43482],[17.75087,49.43741],[17.75537,49.44038],[17.76798,49.44021],[17.77214,49.4376],[17.77803,49.44321],[17.77722,49.44839],[17.78255,49.45409],[17.78248,49.45712],[17.79067,49.46246],[17.78988,49.46503],[17.79353,49.46888],[17.80046,49.4705],[17.79653,49.47505],[17.79551,49.47926],[17.78695,49.48616],[17.8066,49.49018],[17.81144,49.49346],[17.81029,49.4986],[17.81427,49.50275],[17.81809,49.50071],[17.82891,49.50117],[17.83964,49.50502],[17.83831,49.50743],[17.84045,49.51558],[17.84345,49.5176],[17.84206,49.52136],[17.85252,49.5183],[17.86387,49.51822],[17.86275,49.51534],[17.87772,49.51376],[17.88948,49.50959],[17.90042,49.51119],[17.8995,49.51745],[17.91213,49.5254],[17.91515,49.53049],[17.91677,49.53817],[17.91627,49.54243],[17.91214,49.54337],[17.91309,49.54696],[17.90738,49.54785],[17.90478,49.55108],[17.90811,49.55564],[17.897,49.56268],[17.88323,49.56804],[17.8786,49.56164],[17.87326,49.56056],[17.86573,49.55121],[17.86473,49.54764],[17.85899,49.54705],[17.85382,49.55068],[17.85469,49.5585],[17.85069,49.55971],[17.84356,49.56497],[17.85376,49.57196],[17.86413,49.57091],[17.86438,49.57472],[17.859,49.5811],[17.85263,49.58375],[17.85411,49.58901],[17.84803,49.58979],[17.8444,49.59845],[17.84029,49.59801],[17.83828,49.60623],[17.8353,49.60667],[17.82212,49.61325],[17.81837,49.61652],[17.81745,49.6204],[17.8135,49.62284],[17.7936,49.6293],[17.79354,49.63163],[17.78756,49.63538],[17.77888,49.63276],[17.77513,49.63626],[17.77492,49.64079],[17.76624,49.647],[17.77276,49.65198],[17.76576,49.65749],[17.7569,49.66242],[17.75251,49.67084],[17.74754,49.67505],[17.73754,49.68004],[17.73282,49.67389],[17.7341,49.66955],[17.73167,49.66526],[17.72566,49.6667],[17.72455,49.66259],[17.71868,49.66461],[17.71967,49.66762],[17.7083,49.67017],[17.69942,49.67394],[17.68981,49.67668],[17.68674,49.68075],[17.688,49.68758],[17.68699,49.69348],[17.68337,49.69823],[17.68115,49.70445],[17.6853,49.71472],[17.6886,49.71614],[17.69143,49.72131],[17.69522,49.72211],[17.69841,49.73289],[17.69656,49.73552],[17.68845,49.73483],[17.68479,49.73926],[17.68121,49.74958],[17.68163,49.75322],[17.67578,49.7556],[17.66461,49.75698],[17.65952,49.76014],[17.654,49.76016],[17.64723,49.75652],[17.64013,49.75531],[17.63741,49.75712],[17.6314,49.75624],[17.62249,49.75164],[17.61969,49.75506],[17.61061,49.746],[17.59903,49.75138],[17.58359,49.7508],[17.57228,49.75867],[17.5643,49.7572],[17.55647,49.76164],[17.55255,49.7655],[17.55113,49.77029],[17.54277,49.77185],[17.53366,49.7707],[17.53103,49.77385],[17.52583,49.775],[17.52001,49.78052],[17.52051,49.79128],[17.51213,49.79489],[17.49802,49.7969],[17.50022,49.80038],[17.49806,49.80624],[17.50668,49.81127],[17.50578,49.81671],[17.49443,49.81825],[17.48984,49.8232],[17.48556,49.82535],[17.48702,49.82794],[17.48163,49.83056],[17.47917,49.83566],[17.48036,49.83864],[17.48882,49.83777],[17.49034,49.84002],[17.48738,49.85245],[17.47997,49.8556],[17.47278,49.85631],[17.47203,49.85975],[17.47615,49.87309],[17.46683,49.87068],[17.45468,49.87231],[17.45073,49.87447],[17.44125,49.8672],[17.44796,49.86508],[17.45068,49.85853],[17.45667,49.8552],[17.45565,49.84626],[17.46319,49.84223],[17.46481,49.83842],[17.45946,49.83572],[17.45398,49.83623],[17.45015,49.82743],[17.43432,49.82553],[17.43848,49.8323],[17.43213,49.83537],[17.42854,49.83375],[17.42624,49.82811],[17.41556,49.82528],[17.4082,49.82548],[17.40828,49.82057],[17.41478,49.8165],[17.41051,49.81312],[17.40257,49.81357],[17.4014,49.81057],[17.39409,49.81164],[17.39153,49.80216],[17.38883,49.79662],[17.38521,49.79408],[17.37356,49.80073],[17.3691,49.80471],[17.35631,49.81278],[17.35711,49.8169],[17.36195,49.82189],[17.36344,49.82641],[17.36851,49.83023],[17.37176,49.83479],[17.37357,49.84152],[17.3814,49.84856],[17.37603,49.85007],[17.37263,49.85448],[17.36482,49.85657],[17.35997,49.86172],[17.35532,49.86317],[17.33992,49.85813],[17.33671,49.85364],[17.3323,49.85499],[17.32722,49.85318],[17.31576,49.85643],[17.30971,49.85149],[17.30631,49.85136],[17.30582,49.84596],[17.29875,49.84806],[17.29044,49.84074],[17.28393,49.83791],[17.27244,49.83675],[17.26479,49.83483],[17.2612,49.83137],[17.26223,49.82551],[17.26613,49.81966],[17.25502,49.81986],[17.25049,49.82532],[17.24514,49.82474],[17.24057,49.82633],[17.22221,49.82243],[17.21805,49.81912],[17.21251,49.82519],[17.2089,49.82564],[17.21076,49.83133],[17.21761,49.83707],[17.22036,49.84135],[17.2247,49.85647],[17.21945,49.85567],[17.21636,49.85285],[17.21007,49.85441],[17.20701,49.85179],[17.19529,49.85111],[17.18517,49.84442],[17.17718,49.84988],[17.17223,49.85744],[17.17048,49.86453],[17.15929,49.86872],[17.15579,49.87603],[17.14712,49.87794],[17.15068,49.88429],[17.14826,49.8868],[17.15756,49.89017],[17.15817,49.89317],[17.16408,49.89528],[17.16611,49.90133],[17.17012,49.90441],[17.17516,49.91096],[17.16909,49.91106],[17.16124,49.91383],[17.16369,49.91681],[17.16378,49.92128],[17.1756,49.9276],[17.17959,49.93263],[17.19025,49.93355],[17.19122,49.9399],[17.19598,49.93983],[17.20025,49.94431],[17.19827,49.9476],[17.20348,49.9494],[17.19974,49.95423],[17.20003,49.95809],[17.19367,49.96399],[17.1842,49.96697],[17.1792,49.97094],[17.16167,49.97775],[17.15581,49.98232],[17.16593,49.98754],[17.17146,49.98852],[17.17353,49.99461],[17.16827,50.00303],[17.16754,50.01123],[17.17744,50.01617],[17.18035,50.01883],[17.18435,50.02682],[17.18896,50.03206],[17.19848,50.03459],[17.19934,50.03679],[17.21112,50.04433],[17.21825,50.04594],[17.22684,50.0528],[17.23448,50.06387],[17.23329,50.06877],[17.22909,50.07524],[17.22829,50.08165],[17.23174,50.08477],[17.22034,50.10223],[17.2442,50.11493],[17.24932,50.12099],[17.24294,50.12775],[17.24358,50.13493],[17.2394,50.14203],[17.24681,50.14548],[17.2557,50.14823],[17.25879,50.14747],[17.27261,50.1601],[17.27957,50.16457],[17.28473,50.17259],[17.29395,50.16986],[17.30255,50.17356],[17.30327,50.17894],[17.30878,50.18665],[17.31737,50.18977],[17.32302,50.18982],[17.33828,50.18461],[17.34848,50.18989],[17.35287,50.19809],[17.36065,50.20558],[17.36993,50.21041],[17.37266,50.21316],[17.37702,50.22292],[17.38047,50.22198],[17.38921,50.21294],[17.39807,50.20914],[17.40418,50.21012],[17.42146,50.21011],[17.42204,50.21628],[17.4254,50.21968],[17.42511,50.22621],[17.42683,50.22959],[17.42404,50.24034],[17.42906,50.24368],[17.42969,50.25418],[17.42768,50.25864],[17.43119,50.26305],[17.42813,50.26825],[17.42391,50.27147],[17.42067,50.27742],[17.40687,50.27393],[17.40083,50.27959],[17.38905,50.28275],[17.36612,50.28206],[17.36314,50.27964],[17.36229,50.27282],[17.36304,50.26504],[17.35127,50.26367],[17.34627,50.26755],[17.34276,50.27615],[17.34252,50.2811],[17.33773,50.28347],[17.3482,50.28744],[17.34472,50.2913],[17.34599,50.29783],[17.3505,50.30213],[17.35368,50.30804],[17.34862,50.31179],[17.33751,50.31306],[17.34049,50.32268],[17.34823,50.3228],[17.34866,50.32835],[17.32779,50.3271],[17.31276,50.32048],[17.30345,50.32014],[17.28993,50.3175],[17.27402,50.32183],[17.26367,50.32822],[17.25872,50.32865],[17.24732,50.33207],[17.24209,50.33728],[17.2355,50.34107],[17.22328,50.34615],[17.21277,50.35663],[17.20114,50.36402],[17.19912,50.37508],[17.20375,50.38613],[17.18404,50.38996],[17.17947,50.38616],[17.16252,50.38366],[17.15722,50.38007],[17.15298,50.38152],[17.14333,50.38042],[17.12958,50.39118],[17.123,50.39423],[17.11111,50.39369],[17.11075,50.40496],[17.10343,50.40608],[17.08514,50.40579],[17.08096,50.40224],[17.07554,50.40434],[17.0651,50.40619],[17.05253,50.40696],[17.04156,50.41187],[17.0375,50.4149],[17.0303,50.41512],[17.02427,50.42147],[17.01834,50.42141],[17.01353,50.41858],[17.00717,50.42383],[16.99829,50.42775],[16.98338,50.42008],[16.97401,50.41776],[16.97023,50.42205],[16.96338,50.42603],[16.95613,50.42868],[16.94903,50.43279],[16.93844,50.43538],[16.92194,50.4405],[16.91758,50.44459],[16.9079,50.44945],[16.89736,50.44711],[16.89285,50.44338],[16.88671,50.44419],[16.88117,50.44244],[16.88072,50.43616],[16.87556,50.43264],[16.87581,50.42819],[16.86944,50.42286],[16.86815,50.4159],[16.86051,50.41121],[16.87176,50.40311],[16.88189,50.39897],[16.88946,50.39703],[16.89902,50.3896],[16.90824,50.39106],[16.91097,50.38904],[16.91047,50.3849],[16.91506,50.38247],[16.91947,50.36869],[16.91551,50.36304],[16.92983,50.34582],[16.93608,50.34346],[16.93847,50.33311],[16.93431,50.33079],[16.94072,50.31979],[16.94588,50.31805],[16.94614,50.31539],[16.95551,50.31228],[16.96826,50.31593],[16.97308,50.30838],[16.99345,50.30236],[17.00094,50.30303],[17.01467,50.28846],[17.01773,50.28027],[17.01993,50.27856],[17.01655,50.26734],[17.00985,50.26025],[17.00155,50.2564],[17.00329,50.25298],[17.01081,50.24923],[17.01067,50.24271],[17.0153,50.24044],[17.02831,50.22999],[17.02125,50.22646],[17.01535,50.21972],[16.99889,50.21586],[16.99687,50.21666],[16.99223,50.22682],[16.98061,50.23611],[16.98036,50.24164],[16.97768,50.24433],[16.96834,50.24168],[16.96323,50.23905],[16.96113,50.23527],[16.96584,50.22979],[16.9582,50.22586],[16.95595,50.22253],[16.94981,50.22132],[16.94476,50.22301],[16.93488,50.2237],[16.92696,50.22303],[16.92349,50.22548],[16.91738,50.22619],[16.90482,50.22296],[16.898,50.22202],[16.89651,50.21778],[16.88877,50.21627],[16.88503,50.21306],[16.88473,50.20369],[16.88318,50.20021],[16.87163,50.19696],[16.86279,50.19824],[16.86341,50.19311],[16.86732,50.18901],[16.86424,50.18094],[16.86301,50.17344],[16.85785,50.17024],[16.85273,50.16965],[16.84833,50.16511],[16.84737,50.15916],[16.84443,50.15624],[16.84422,50.15161],[16.83818,50.14375],[16.83753,50.13849],[16.83365,50.12936],[16.82448,50.12758],[16.82577,50.11467],[16.81458,50.11113],[16.80829,50.11145],[16.8047,50.10897],[16.80632,50.10378],[16.81276,50.09826],[16.81549,50.08944],[16.81918,50.08401],[16.81029,50.08031],[16.80233,50.07401],[16.79825,50.06859],[16.81375,50.05881],[16.81324,50.05685],[16.80647,50.05281],[16.81874,50.04451],[16.80886,50.04022],[16.80502,50.02908],[16.79299,50.02878],[16.78623,50.02422],[16.78021,50.02322],[16.77529,50.01679],[16.76683,50.01672],[16.7689,50.00905],[16.76023,50.00455],[16.75452,49.99745],[16.74861,49.99465],[16.74741,49.9999],[16.7434,50.00126],[16.72071,50.00243],[16.71199,49.9995],[16.7155,49.98982],[16.71908,49.98482],[16.72723,49.98177],[16.73114,49.97567],[16.73094,49.97074],[16.73526,49.96805],[16.73362,49.961],[16.73449,49.94657],[16.7382,49.94515],[16.73871,49.94055],[16.74205,49.93532],[16.75067,49.93156],[16.74595,49.92482],[16.75661,49.92014],[16.75487,49.91705],[16.75724,49.91281],[16.75272,49.90809],[16.75721,49.90069],[16.7545,49.8969],[16.74986,49.89446],[16.75404,49.88799],[16.75976,49.88173],[16.76112,49.87662],[16.76774,49.87418],[16.75905,49.86777],[16.75289,49.86543],[16.74465,49.86448],[16.73953,49.85946],[16.73766,49.8516],[16.73928,49.84849],[16.73539,49.84521],[16.73991,49.84036],[16.73649,49.83603],[16.73609,49.83068],[16.74044,49.82662],[16.75189,49.82394],[16.7527,49.82124],[16.76059,49.81826],[16.75692,49.81561],[16.75947,49.81024],[16.75622,49.80624],[16.76203,49.80009],[16.76081,49.79799],[16.76617,49.79143],[16.77239,49.78753],[16.78684,49.77553],[16.79887,49.77472],[16.79871,49.77111],[16.80281,49.76717],[16.79678,49.76502],[16.79793,49.76182],[16.79384,49.7566],[16.80574,49.75036],[16.81032,49.74695],[16.8068,49.74092],[16.80026,49.73965],[16.79534,49.73413],[16.78984,49.73104],[16.79172,49.72662],[16.80346,49.72703],[16.80579,49.73142],[16.82835,49.72818],[16.83185,49.72908],[16.83769,49.7235],[16.84392,49.72106],[16.84745,49.7162],[16.83989,49.70582],[16.84687,49.70459],[16.84851,49.70153],[16.84615,49.69773],[16.84361,49.67996],[16.83923,49.67451],[16.82997,49.67297],[16.82141,49.66671],[16.8142,49.66407],[16.80988,49.66064],[16.80891,49.6568],[16.80382,49.65653],[16.80508,49.64534],[16.80039,49.63923],[16.80562,49.63797],[16.81066,49.63232],[16.81682,49.62798],[16.81656,49.6241],[16.8092,49.62288],[16.80392,49.61323],[16.80184,49.60574],[16.80406,49.5988]]]},"properties":{"code":"OLK","name":"Olomoucký kraj"}},
{"type":"Feature","geometry":{"type":"Polygon","coordinates":[[[17.91677,49.53817],[17.95667,49.53977],[17.96693,49.53508],[17.96755,49.53786],[17.97332,49.538],[17.98054,49.53049],[17.98974,49.52549],[17.99374,49.52192],[17.99175,49.51482],[17.99419,49.51168],[17.99306,49.50548],[17.99798,49.50346],[18.01193,49.50442],[18.02392,49.50765],[18.03216,49.51161],[18.04874,49.51291],[18.06935,49.51667],[18.07604,49.51554],[18.08374,49.51855],[18.09156,49.51859],[18.09512,49.51718],[18.10499,49.51824],[18.10974,49.51711],[18.11492,49.51892],[18.12595,49.52052],[18.13228,49.51467],[18.13521,49.50971],[18.13944,49.5094],[18.15397,49.51334],[18.15925,49.51348],[18.1636,49.51708],[18.17073,49.51286],[18.17529,49.50544],[18.18017,49.50335],[18.18979,49.49632],[18.19172,49.49346],[18.20329,49.48902],[18.21601,49.49287],[18.22274,49.49191],[18.2299,49.4878],[18.23679,49.4875],[18.24121,49.4851],[18.25384,49.48253],[18.26111,49.48471],[18.26771,49.49291],[18.27594,49.49412],[18.28083,49.49231],[18.28847,49.49227],[18.30118,49.4899],[18.30548,49.48284],[18.30402,49.47947],[18.30691,49.46983],[18.30706,49.46494],[18.31505,49.46088],[18.31898,49.45715],[18.32287,49.45058],[18.32858,49.45172],[18.33524,49.45017],[18.3428,49.44641],[18.34958,49.44673],[18.35678,49.44126],[18.35991,49.43687],[18.35898,49.43267],[18.36515,49.43327],[18.37129,49.42596],[18.37325,49.42123],[18.37095,49.41792],[18.36606,49.40581],[18.375,49.4053],[18.38404,49.40302],[18.38681,49.40063],[18.39853,49.39921],[18.40366,49.39669],[18.41298,49.39888],[18.42894,49.39368],[18.43659,49.39259],[18.44996,49.3935],[18.44938,49.39744],[18.45194,49.40033],[18.46577,49.40612],[18.47541,49.40841],[18.47782,49.41168],[18.47646,49.4167],[18.48195,49.42391],[18.48504,49.42594],[18.49313,49.42737],[18.49469,49.42977],[18.49013,49.43216],[18.49204,49.43478],[18.50092,49.43582],[18.5053,49.4429],[18.52296,49.44923],[18.5248,49.45648],[18.53273,49.45812],[18.53625,49.46442],[18.54391,49.46504],[18.54795,49.46786],[18.54337,49.47311],[18.54244,49.47738],[18.53437,49.48455],[18.5345,49.48984],[18.54174,49.4928],[18.54575,49.50051],[18.55154,49.50102],[18.5646,49.50673],[18.5732,49.50829],[18.58086,49.50628],[18.59725,49.51024],[18.60191,49.50685],[18.60284,49.49708],[18.61153,49.4967],[18.61554,49.49525],[18.62149,49.49579],[18.63154,49.49873],[18.63952,49.49623],[18.64233,49.50079],[18.66439,49.50233],[18.6709,49.50615],[18.67954,49.50737],[18.68486,49.50491],[18.68792,49.50074],[18.69758,49.49962],[18.7014,49.50151],[18.71041,49.50251],[18.71517,49.49978],[18.72039,49.5001],[18.72445,49.49619],[18.72904,49.49516],[18.73551,49.49022],[18.74476,49.48869],[18.74967,49.4902],[18.75448,49.48838],[18.75775,49.49184],[18.76672,49.49579],[18.76928,49.49875],[18.77917,49.505],[18.7892,49.50868],[18.79974,49.50933],[18.80758,49.51508],[18.81237,49.51638],[18.82995,49.51601],[18.84021,49.51492],[18.84301,49.51854],[18.83728,49.52363],[18.8447,49.52824],[18.8441,49.53409],[18.84978,49.53442],[18.85745,49.53793],[18.85925,49.55059],[18.84928,49.55432],[18.84885,49.5585],[18.84411,49.56133],[18.83719,49.56318],[18.83751,49.56927],[18.83366,49.57266],[18.83493,49.57701],[18.8317,49.58413],[18.83521,49.5865],[18.83564,49.59014],[18.83908,49.59532],[18.82929,49.59494],[18.8232,49.60406],[18.82426,49.61446],[18.8193,49.61765],[18.82052,49.62323],[18.81719,49.63163],[18.81296,49.63435],[18.81341,49.63982],[18.80928,49.64831],[18.80634,49.65128],[18.80929,49.65755],[18.80663,49.66525],[18.81009,49.67104],[18.80852,49.67531],[18.80459,49.67888],[18.79501,49.67913],[18.78063,49.68536],[18.77386,49.68282],[18.76673,49.6824],[18.76415,49.68463],[18.75117,49.67689],[18.74152,49.67642],[18.7355,49.68241],[18.72955,49.68424],[18.72329,49.6827],[18.71919,49.68381],[18.71755,49.68975],[18.7146,49.69171],[18.71149,49.69969],[18.70654,49.70445],[18.69366,49.7066],[18.68096,49.70376],[18.67624,49.70548],[18.66823,49.70344],[18.6672,49.70921],[18.65232,49.71099],[18.6362,49.71497],[18.62843,49.72224],[18.62886,49.72613],[18.62623,49.72982],[18.62789,49.73442],[18.62921,49.74709],[18.62565,49.75042],[18.61571,49.75298],[18.61283,49.75766],[18.61436,49.76167],[18.61093,49.76645],[18.6103,49.77092],[18.60476,49.77476],[18.60337,49.77994],[18.59721,49.78449],[18.59993,49.78883],[18.59293,49.79758],[18.59154,49.80284],[18.5853,49.80486],[18.58212,49.81188],[18.58253,49.8177],[18.57811,49.82025],[18.57546,49.82439],[18.56931,49.82818],[18.56943,49.8344],[18.58268,49.84074],[18.58944,49.8456],[18.58371,49.85231],[18.596,49.85603],[18.60388,49.85711],[18.60573,49.8616],[18.59973,49.86614],[18.58917,49.86712],[18.58024,49.86679],[18.57982,49.8692],[18.57192,49.87217],[18.57141,49.87597],[18.56567,49.88067],[18.56603,49.88315],[18.57299,49.88714],[18.571,49.89121],[18.57781,49.90077],[18.58006,49.90555],[18.5737,49.90779],[18.57518,49.91862],[18.57291,49.92162],[18.56072,49.91798],[18.55216,49.92082],[18.54489,49.92584],[18.53988,49.91205],[18.54708,49.90915],[18.53849,49.90261],[18.53172,49.89947],[18.51921,49.90233],[18.50618,49.90228],[18.48513,49.90635],[18.48469,49.90937],[18.46865,49.91532],[18.46294,49.92245],[18.44396,49.92359],[18.43925,49.92741],[18.43268,49.92847],[18.43075,49.93816],[18.42143,49.9386],[18.41785,49.93738],[18.40056,49.93563],[18.3919,49.93404],[18.3859,49.93526],[18.3685,49.93668],[18.36432,49.9403],[18.35997,49.94072],[18.35538,49.94418],[18.3399,49.94564],[18.33448,49.94478],[18.33487,49.93998],[18.34135,49.93844],[18.34709,49.93982],[18.34925,49.93386],[18.34281,49.93489],[18.34126,49.93179],[18.34414,49.92949],[18.34119,49.9259],[18.33328,49.92773],[18.3265,49.91949],[18.32165,49.91589],[18.31496,49.9188],[18.29919,49.92378],[18.29903,49.92873],[18.28978,49.92873],[18.28813,49.93166],[18.27921,49.94006],[18.28183,49.95055],[18.278,49.96348],[18.27018,49.96641],[18.26292,49.96616],[18.25249,49.96915],[18.24786,49.96868],[18.23375,49.97097],[18.22063,49.96887],[18.21429,49.97201],[18.21537,49.97571],[18.21357,49.98613],[18.21138,49.99228],[18.20657,49.99794],[18.19322,49.99452],[18.19009,49.99878],[18.183,50.0004],[18.17313,50.00029],[18.16798,49.99852],[18.16812,49.99386],[18.172,49.99001],[18.16901,49.98645],[18.15803,49.98277],[18.15384,49.98237],[18.14694,49.99162],[18.13607,49.99391],[18.13113,49.99807],[18.12088,49.99451],[18.11697,49.99415],[18.11308,49.99757],[18.10478,50.00092],[18.09789,50.00734],[18.09328,50.015],[18.10315,50.0226],[18.09836,50.02612],[18.08796,50.03155],[18.08491,50.03414],[18.08847,50.03828],[18.08936,50.04412],[18.08593,50.04595],[18.07828,50.04559],[18.06599,50.04815],[18.06171,50.05918],[18.04983,50.05837],[18.04607,50.06259],[18.04083,50.06296],[18.0336,50.06602],[18.02086,50.06092],[18.01199,50.05472],[18.00515,50.05349],[18.00664,50.04471],[18.00431,50.0378],[18.00882,50.03128],[18.01802,50.03159],[18.02474,50.03876],[18.03766,50.03654],[18.04438,50.03661],[18.04902,50.02743],[18.04293,50.02204],[18.04631,50.01589],[18.04091,50.0136],[18.04605,50.00821],[18.04028,50.00718],[18.03536,50.01099],[18.01859,50.01048],[18.00658,50.01143],[18.00463,50.01836],[17.9991,50.01576],[17.99277,50.01503],[17.98774,50.0122],[17.9826,50.00514],[17.97312,50.00862],[17.96551,50.00825],[17.96185,50.00498],[17.95404,50.00507],[17.92469,49.98182],[17.92285,49.97875],[17.91161,49.97783],[17.90916,49.97651],[17.89803,49.97793],[17.89245,49.97986],[17.88523,49.97927],[17.8685,49.97249],[17.8616,49.98058],[17.85694,49.97984],[17.85248,49.98214],[17.85061,49.98655],[17.843,49.98676],[17.83648,49.99237],[17.83268,49.9917],[17.82656,49.99416],[17.83686,50.00361],[17.82769,50.01131],[17.80419,50.01242],[17.79526,50.01429],[17.79504,50.01768],[17.78897,50.01731],[17.78655,50.01958],[17.77757,50.0202],[17.77135,50.02606],[17.77653,50.02838],[17.77523,50.03505],[17.77031,50.03565],[17.77286,50.04173],[17.77185,50.04589],[17.76578,50.05258],[17.76135,50.05366],[17.76106,50.0588],[17.75487,50.06254],[17.75763,50.0678],[17.75232,50.06986],[17.74994,50.0776],[17.74081,50.08074],[17.72922,50.08833],[17.73088,50.09716],[17.70513,50.11441],[17.69706,50.11692],[17.68327,50.11731],[17.67666,50.10302],[17.66259,50.10845],[17.64889,50.11182],[17.64379,50.12293],[17.64462,50.12484],[17.63909,50.13142],[17.63183,50.1329],[17.61665,50.13924],[17.61127,50.13986],[17.60859,50.1453],[17.59938,50.15544],[17.59269,50.15998],[17.60071,50.1685],[17.60444,50.17093],[17.61954,50.17115],[17.6257,50.16919],[17.63165,50.17359],[17.6422,50.17586],[17.66577,50.17785],[17.67995,50.1826],[17.68359,50.18161],[17.70289,50.18492],[17.70449,50.18864],[17.71097,50.19294],[17.71038,50.19785],[17.71625,50.20174],[17.71707,50.20554],[17.72421,50.20658],[17.73461,50.20249],[17.74454,50.20267],[17.74805,50.20528],[17.75846,50.20657],[17.7577,50.21164],[17.75999,50.21656],[17.75655,50.22145],[17.76497,50.23639],[17.73771,50.24923],[17.73298,50.25329],[17.72495,50.25675],[17.72603,50.25864],[17.72716,50.27404],[17.73414,50.27729],[17.74351,50.29009],[17.74783,50.2931],[17.75077,50.29957],[17.74855,50.30091],[17.73875,50.30145],[17.72882,50.3033],[17.72419,50.31202],[17.72248,50.3177],[17.71902,50.32027],[17.70975,50.32346],[17.68692,50.32798],[17.68899,50.31559],[17.68715,50.30535],[17.68911,50.30189],[17.6808,50.29699],[17.67564,50.29216],[17.66804,50.29081],[17.66727,50.28899],[17.65864,50.28511],[17.65075,50.27776],[17.64169,50.27612],[17.63843,50.27369],[17.61728,50.26695],[17.61072,50.26598],[17.59757,50.27122],[17.59787,50.27451],[17.59146,50.27892],[17.57573,50.27563],[17.56586,50.27219],[17.54896,50.26995],[17.54185,50.27036],[17.53456,50.2723],[17.51526,50.27457],[17.49559,50.27509],[17.48569,50.27333],[17.47956,50.27119],[17.46869,50.26957],[17.46347,50.26705],[17.45783,50.27009],[17.45454,50.25652],[17.43955,50.25162],[17.42969,50.25418],[17.42906,50.24368],[17.42404,50.24034],[17.42683,50.22959],[17.42511,50.22621],[17.4254,50.21968],[17.42204,50.21628],[17.42146,50.21011],[17.40418,50.21012],[17.39807,50.20914],[17.38921,50.21294],[17.38047,50.22198],[17.37702,50.22292],[17.37266,50.21316],[17.36993,50.21041],[17.36065,50.20558],[17.35287,50.19809],[17.34848,50.18989],[17.33828,50.18461],[17.32302,50.18982],[17.31737,50.18977],[17.30878,50.18665],[17.30327,50.17894],[17.30255,50.17356],[17.29395,50.16986],[17.28473,50.17259],[17.27957,50.16457],[17.27261,50.1601],[17.25879,50.14747],[17.2557,50.14823],[17.24681,50.14548],[17.2394,50.14203],[17.24358,50.13493],[17.24294,50.12775],[17.24932,50.12099],[17.2442,50.11493],[17.22034,50.10223],[17.23174,50.08477],[17.22829,50.08165],[17.22909,50.07524],[17.23329,50.06877],[17.23448,50.06387],[17.22684,50.0528],[17.21825,50.04594],[17.21112,50.04433],[17.19934,50.03679],[17.19848,50.03459],[17.18896,50.03206],[17.18435,50.02682],[17.18035,50.01883],[17.17744,50.01617],[17.16754,50.01123],[17.16827,50.00303],[17.17353,49.99461],[17.17146,49.98852],[17.16593,49.98754],[17.15581,49.98232],[17.16167,49.97775],[17.1792,49.97094],[17.1842,49.96697],[17.19367,49.96399],[17.20003,49.95809],[17.19974,49.95423],[17.20348,49.9494],[17.19827,49.9476],[17.20025,49.94431],[17.19598,49.93983],[17.19122,49.9399],[17.19025,49.93355],[17.17959,49.93263],[17.1756,49.9276],[17.16378,49.92128],[17.16369,49.91681],[17.16124,49.91383],[17.16909,49.91106],[17.17516,49.91096],[17.17012,49.90441],[17.16611,49.90133],[17.16408,49.89528],[17.15817,49.89317],[17.15756,49.89017],[17.14826,49.8868],[17.15068,49.88429],[17.14712,49.87794],[17.15579,49.87603],[17.15929,49.86872],[17.17048,49.86453],[17.17223,49.85744],[17.17718,49.84988],[17.18517,49.84442],[17.19529,49.85111],[17.20701,49.85179],[17.21007,49.85441],[17.21636,49.85285],[17.21945,49.85567],[17.2247,49.85647],[17.22036,49.84135],[17.21761,49.83707],[17.21076,49.83133],[17.2089,49.82564],[17.21251,49.82519],[17.21805,49.81912],[17.22221,49.82243],[17.24057,49.82633],[17.24514,49.82474],[17.25049,49.82532],[17.25502,49.81986],[17.26613,49.81966],[17.26223,49.82551],[17.2612,49.83137],[17.26479,49.83483],[17.27244,49.83675],[17.28393,49.83791],[17.29044,49.84074],[17.29875,49.84806],[17.30582,49.84596],[17.30631,49.85136],[17.30971,49.85149],[17.31576,49.85643],[17.32722,49.85318],[17.3323,49.85499],[17.33671,49.85364],[17.33992,49.85813],[17.35532,49.86317],[17.35997,49.86172],[17.36482,49.85657],[17.37263,49.85448],[17.37603,49.85007],[17.3814,49.84856],[17.37357,49.84152],[17.37176,49.83479],[17.36851,49.83023],[17.36344,49.82641],[17.36195,49.82189],[17.35711,49.8169],[17.35631,49.81278],[17.3691,49.80471],[17.37356,49.80073],[17.38521,49.79408],[17.38883,49.79662],[17.39153,49.80216],[17.39409,49.81164],[17.4014,49.81057],[17.40257,49.81357],[17.41051,49.81312],[17.41478,49.8165],[17.40828,49.82057],[17.4082,49.82548],[17.41556,49.82528],[17.42624,49.82811],[17.42854,49.83375],[17.43213,49.83537],[17.43848,49.8323],[17.43432,49.82553],[17.45015,49.82743],[17.45398,49.83623],[17.45946,49.83572],[17.46481,49.83842],[17.46319,49.84223],[17.45565,49.84626],[17.45667,49.8552],[17.45068,49.85853],[17.44796,49.86508],[17.44125,49.8672],[17.45073,49.87447],[17.45468,49.87231],[17.46683,49.87068],[17.47615,49.87309],[17.47203,49.85975],[17.47278,49.85631],[17.47997,49.8556],[17.48738,49.85245],[17.49034,49.84002],[17.48882,49.83777],[17.48036,49.83864],[17.47917,49.83566],[17.48163,49.83056],[17.48702,49.82794],[17.48556,49.82535],[17.48984,49.8232],[17.49443,49.81825],[17.50578,49.81671],[17.50668,49.81127],[17.49806,49.80624],[17.50022,49.80038],[17.49802,49.7969],[17.51213,49.79489],[17.52051,49.79128],[17.52001,49.78052],[17.52583,49.775],[17.53103,49.77385],[17.53366,49.7707],[17.54277,49.77185],[17.55113,49.77029],[17.55255,49.7655],[17.55647,49.76164],[17.5643,49.7572],[17.57228,49.75867],[17.58359,49.7508],[17.59903,49.75138],[17.61061,49.746],[17.61969,49.75506],[17.62249,49.75164],[17.6314,49.75624],[17.63741,49.75712],[17.64013,49.75531],[17.64723,49.75652],[17.654,49.76016],[17.65952,49.76014],[17.66461,49.75698],[17.67578,49.7556],[17.68163,49.75322],[17.68121,49.74958],[17.68479,49.73926],[17.68845,49.73483],[17.69656,49.73552],[17.69841,49.73289],[17.69522,49.72211],[17.69143,49.72131],[17.6886,49.71614],[17.6853,49.71472],[17.68115,49.70445],[17.68337,49.69823],[17.68699,49.69348],[17.688,49.68758],[17.68674,49.68075],[17.68981,49.67668],[17.69942,49.67394],[17.7083,49.67017],[17.71967,49.66762],[17.71868,49.66461],[17.72455,49.66259],[17.72566,49.6667],[17.73167,49.66526],[17.7341,49.66955],[17.73282,49.67389],[17.73754,49.68004],[17.74754,49.67505],[17.75251,49.67084],[17.7569,49.66242],[17.76576,49.65749],[17.77276,49.65198],[17.76624,49.647],[17.77492,49.64079],[17.77513,49.63626],[17.77888,49.63276],[17.78756,49.63538],[17.79354,49.63163],[17.7936,49.6293],[17.8135,49.62284],[17.81745,49.6204],[17.81837,49.61652],[17.82212,49.61325],[17.8353,49.60667],[17.83828,49.60623],[17.84029,49.59801],[17.8444,49.59845],[17.84803,49.58979],[17.85411,49.58901],[17.85263,49.58375],[17.859,49.5811],[17.86438,49.57472],[17.86413,49.57091],[17.85376,49.57196],[17.84356,49.56497],[17.85069,49.55971],[17.85469,49.5585],[17.85382,49.55068],[17.85899,49.54705],[17.86473,49.54764],[17.86573,49.55121],[17.87326,49.56056],[17.8786,49.56164],[17.88323,49.56804],[17.897,49.56268],[17.90811,49.55564],[17.90478,49.55108],[17.90738,49.54785],[17.91309,49.54696],[17.91214,49.54337],[17.91627,49.54243],[17.91677,49.53817]]]},"properties":{"code":"MSK","name":"Moravskoslezský kraj"}},
{"type":"Feature","geometry":{"type":"Polygon","coordinates":[[[17.64694,48.85426],[17.65965,48.85574],[17.66709,48.85413],[17.6827,48.86088],[17.69209,48.86226],[17.70233,48.86053],[17.7153,48.86839],[17.71876,48.87332],[17.72991,48.87877],[17.73671,48.88084],[17.74103,48.88595],[17.7405,48.88827],[17.7469,48.89117],[17.75033,48.89874],[17.76207,48.90702],[17.77204,48.91265],[17.77689,48.91333],[17.78267,48.91669],[17.78347,48.91992],[17.78132,48.92528],[17.80784,48.92534],[17.81602,48.92573],[17.81718,48.92769],[17.84422,48.9264],[17.85165,48.92745],[17.85856,48.925],[17.86969,48.92262],[17.87586,48.92591],[17.88531,48.92768],[17.88893,48.94408],[17.89406,48.9484],[17.89898,48.95495],[17.90304,48.96418],[17.89965,48.96921],[17.90387,48.98422],[17.91152,48.99017],[17.91449,48.9975],[17.91209,49.0058],[17.91482,49.01128],[17.92064,49.01522],[17.92431,49.01996],[17.93508,49.02358],[17.94508,49.02327],[17.95128,49.02502],[17.96433,49.02433],[17.97459,49.02255],[17.98117,49.02379],[17.98393,49.02658],[17.99091,49.0285],[17.99524,49.02747],[18.00731,49.02133],[18.01209,49.02267],[18.02447,49.02123],[18.02973,49.02683],[18.03725,49.02638],[18.04897,49.03067],[18.06441,49.0348],[18.07098,49.03803],[18.0732,49.04181],[18.07677,49.0423],[18.08207,49.04625],[18.08245,49.05129],[18.09506,49.0596],[18.09058,49.06273],[18.0912,49.06668],[18.09685,49.06733],[18.1118,49.08761],[18.11594,49.09214],[18.1121,49.10476],[18.11027,49.11355],[18.11378,49.11851],[18.11791,49.11901],[18.11948,49.12284],[18.11654,49.12639],[18.1111,49.1289],[18.10675,49.13419],[18.11439,49.14223],[18.11841,49.1435],[18.11722,49.15078],[18.11877,49.15276],[18.1279,49.1552],[18.13201,49.15958],[18.13671,49.16102],[18.12992,49.16845],[18.13127,49.18102],[18.13089,49.18893],[18.14239,49.197],[18.14714,49.20489],[18.14938,49.20509],[18.14855,49.21373],[18.15491,49.21615],[18.15267,49.2196],[18.1563,49.22947],[18.14443,49.22929],[18.14774,49.23545],[18.14719,49.24842],[18.15247,49.25225],[18.16127,49.25508],[18.16254,49.26064],[18.17682,49.2652],[18.17881,49.26788],[18.18478,49.27064],[18.18414,49.27606],[18.18594,49.28092],[18.18403,49.287],[18.19204,49.29001],[18.19746,49.28955],[18.20424,49.29348],[18.20845,49.29169],[18.21435,49.29377],[18.21935,49.29308],[18.22202,49.29539],[18.22785,49.29409],[18.23866,49.29552],[18.2478,49.29471],[18.25945,49.29828],[18.26376,49.29827],[18.2719,49.30208],[18.29697,49.30439],[18.30314,49.30593],[18.30109,49.31002],[18.31672,49.3131],[18.32667,49.31821],[18.33644,49.31921],[18.36567,49.32442],[18.37892,49.33055],[18.38803,49.34319],[18.39532,49.34872],[18.40425,49.35023],[18.39818,49.3568],[18.40843,49.36037],[18.41484,49.37004],[18.41063,49.37648],[18.4106,49.38313],[18.40892,49.3899],[18.40366,49.39669],[18.39853,49.39921],[18.38681,49.40063],[18.38404,49.40302],[18.375,49.4053],[18.36606,49.40581],[18.37095,49.41792],[18.37325,49.42123],[18.37129,49.42596],[18.36515,49.43327],[18.35898,49.43267],[18.35991,49.43687],[18.35678,49.44126],[18.34958,49.44673],[18.3428,49.44641],[18.33524,49.45017],[18.32858,49.45172],[18.32287,49.45058],[18.31898,49.45715],[18.31505,49.46088],[18.30706,49.46494],[18.30691,49.46983],[18.30402,49.47947],[18.30548,49.48284],[18.30118,49.4899],[18.28847,49.49227],[18.28083,49.49231],[18.27594,49.49412],[18.26771,49.49291],[18.26111,49.48471],[18.25384,49.48253],[18.24121,49.4851],[18.23679,49.4875],[18.2299,49.4878],[18.22274,49.49191],[18.21601,49.49287],[18.20329,49.48902],[18.19172,49.49346],[18.18979,49.49632],[18.18017,49.50335],[18.17529,49.50544],[18.17073,49.51286],[18.1636,49.51708],[18.15925,49.51348],[18.15397,49.51334],[18.13944,49.5094],[18.13521,49.50971],[18.13228,49.51467],[18.12595,49.52052],[18.11492,49.51892],[18.10974,49.51711],[18.10499,49.51824],[18.09512,49.51718],[18.09156,49.51859],[18.08374,49.51855],[18.07604,49.51554],[18.06935,49.51667],[18.04874,49.51291],[18.03216,49.51161],[18.02392,49.50765],[18.01193,49.50442],[17.99798,49.50346],[17.99306,49.50548],[17.99419,49.51168],[17.99175,49.51482],[17.99374,49.52192],[17.98974,49.52549],[17.98054,49.53049],[17.97332,49.538],[17.96755,49.53786],[17.96693,49.53508],[17.95667,49.53977],[17.91677,49.53817],[17.91515,49.53049],[17.91213,49.5254],[17.8995,49.51745],[17.90042,49.51119],[17.88948,49.50959],[17.87772,49.51376],[17.86275,49.51534],[17.86387,49.51822],[17.85252,49.5183],[17.84206,49.52136],[17.84345,49.5176],[17.84045,49.51558],[17.83831,49.50743],[17.83964,49.50502],[17.82891,49.50117],[17.81809,49.50071],[17.81427,49.50275],[17.81029,49.4986],[17.81144,49.49346],[17.8066,49.49018],[17.78695,49.48616],[17.79551,49.47926],[17.79653,49.47505],[17.80046,49.4705],[17.79353,49.46888],[17.78988,49.46503],[17.79067,49.46246],[17.78248,49.45712],[17.78255,49.45409],[17.77722,49.44839],[17.77803,49.44321],[17.77214,49.4376],[17.76798,49.44021],[17.75537,49.44038],[17.75087,49.43741],[17.73379,49.43482],[17.72505,49.43917],[17.71998,49.43782],[17.71072,49.44309],[17.71201,49.45092],[17.7078,49.4515],[17.7024,49.45561],[17.69693,49.45646],[17.6921,49.46321],[17.68668,49.45926],[17.68104,49.46262],[17.67634,49.46266],[17.67162,49.45535],[17.66859,49.45298],[17.67126,49.44257],[17.66439,49.43922],[17.65754,49.44067],[17.64781,49.45124],[17.63939,49.44805],[17.63628,49.4499],[17.62994,49.44661],[17.62467,49.4497],[17.62094,49.44698],[17.62594,49.44411],[17.62319,49.44092],[17.63602,49.43408],[17.63453,49.43263],[17.64021,49.42659],[17.64515,49.42335],[17.64475,49.41864],[17.65034,49.415],[17.64274,49.40929],[17.6342,49.40708],[17.63186,49.40114],[17.62024,49.397],[17.60785,49.39774],[17.59862,49.39989],[17.59317,49.39911],[17.59156,49.40419],[17.58099,49.40761],[17.57052,49.40555],[17.56814,49.40672],[17.5501,49.40387],[17.54608,49.40562],[17.53254,49.40103],[17.52861,49.39634],[17.52321,49.39849],[17.52303,49.40234],[17.51591,49.40112],[17.51439,49.39792],[17.50898,49.39404],[17.51533,49.39052],[17.51497,49.3834],[17.50697,49.37903],[17.49766,49.3701],[17.47741,49.3561],[17.47239,49.35613],[17.47091,49.36283],[17.46632,49.36984],[17.45834,49.37492],[17.44283,49.37931],[17.43529,49.38071],[17.4289,49.37912],[17.41676,49.37864],[17.4151,49.38325],[17.41017,49.38603],[17.40627,49.38449],[17.39031,49.38804],[17.38815,49.38154],[17.37473,49.38008],[17.37596,49.39544],[17.37738,49.39964],[17.38208,49.40365],[17.37148,49.41224],[17.36213,49.40899],[17.35446,49.40813],[17.35262,49.401],[17.35006,49.3965],[17.34249,49.39364],[17.33896,49.39006],[17.33534,49.39039],[17.33526,49.38391],[17.33307,49.38311],[17.33418,49.37511],[17.33833,49.37109],[17.33679,49.36895],[17.34338,49.36398],[17.34197,49.35964],[17.35083,49.35734],[17.35407,49.35215],[17.35321,49.34644],[17.35055,49.34285],[17.338,49.34033],[17.33241,49.33376],[17.32698,49.33156],[17.31521,49.3309],[17.3153,49.32723],[17.3121,49.31792],[17.29945,49.31211],[17.29854,49.30807],[17.29219,49.30614],[17.29117,49.30092],[17.28633,49.29831],[17.27119,49.2943],[17.25942,49.30051],[17.25378,49.29995],[17.24141,49.29424],[17.23099,49.29853],[17.22059,49.2938],[17.21576,49.29395],[17.21234,49.28861],[17.20115,49.29271],[17.19972,49.29645],[17.19027,49.29574],[17.19433,49.29129],[17.18961,49.28937],[17.17938,49.2874],[17.1781,49.27976],[17.18084,49.27988],[17.17892,49.27178],[17.16492,49.27028],[17.15968,49.27512],[17.15376,49.27008],[17.1524,49.26323],[17.14109,49.25371],[17.13312,49.25007],[17.12979,49.24488],[17.13445,49.24374],[17.144,49.23563],[17.14756,49.2301],[17.14658,49.2266],[17.13569,49.21512],[17.1429,49.21198],[17.15073,49.20481],[17.15,49.19635],[17.15746,49.19449],[17.16452,49.19131],[17.16449,49.18839],[17.1566,49.18372],[17.15452,49.1793],[17.14843,49.17653],[17.1538,49.17441],[17.16993,49.1768],[17.17661,49.17572],[17.18058,49.17286],[17.18647,49.17508],[17.18748,49.17763],[17.1942,49.18347],[17.19973,49.18219],[17.20254,49.17555],[17.20099,49.17118],[17.19674,49.16634],[17.19907,49.15998],[17.19467,49.15934],[17.19035,49.15005],[17.19163,49.14671],[17.18832,49.14399],[17.188,49.13864],[17.17371,49.13813],[17.16615,49.1325],[17.16297,49.13495],[17.15378,49.13532],[17.14862,49.13283],[17.14753,49.12635],[17.14004,49.10674],[17.14156,49.10351],[17.13414,49.10054],[17.12547,49.10362],[17.11731,49.1027],[17.11422,49.09914],[17.11353,49.08997],[17.11807,49.09061],[17.11983,49.08605],[17.11644,49.08045],[17.11214,49.07723],[17.12435,49.07429],[17.13122,49.07421],[17.1376,49.07669],[17.14492,49.07316],[17.15026,49.07854],[17.16161,49.08052],[17.17627,49.08401],[17.18339,49.08474],[17.19858,49.09178],[17.21349,49.09294],[17.21741,49.07725],[17.2221,49.0744],[17.22856,49.07307],[17.22796,49.06772],[17.23178,49.0655],[17.22987,49.06128],[17.23104,49.05641],[17.22143,49.04251],[17.21976,49.03624],[17.22354,49.03233],[17.23009,49.04033],[17.24139,49.03872],[17.25104,49.03846],[17.25383,49.0306],[17.26344,49.03433],[17.26789,49.03422],[17.27013,49.02663],[17.27585,49.02354],[17.27524,49.01375],[17.28235,49.01452],[17.28683,49.01768],[17.30393,49.0185],[17.3106,49.01708],[17.3138,49.01203],[17.32057,49.01377],[17.32594,49.0122],[17.33199,49.01526],[17.34299,49.01224],[17.3459,49.00773],[17.35295,49.00762],[17.36203,49.00537],[17.35702,48.99733],[17.36,48.99488],[17.35706,48.99044],[17.35829,48.98805],[17.35379,48.98577],[17.3518,48.97917],[17.36298,48.97581],[17.36969,48.97775],[17.37499,48.97659],[17.38096,48.97975],[17.39206,48.98176],[17.3966,48.9805],[17.3983,48.97308],[17.41042,48.96663],[17.41687,48.96076],[17.43054,48.95396],[17.4343,48.9504],[17.45094,48.9574],[17.45181,48.95647],[17.46672,48.96277],[17.47185,48.96294],[17.478,48.95691],[17.48346,48.9573],[17.49748,48.96134],[17.49905,48.96638],[17.50529,48.95967],[17.50863,48.9528],[17.52302,48.95683],[17.54806,48.94767],[17.55337,48.94308],[17.54862,48.93657],[17.54304,48.93139],[17.54042,48.92461],[17.54809,48.91627],[17.55843,48.92227],[17.56446,48.92189],[17.57341,48.91587],[17.5794,48.91396],[17.58231,48.91107],[17.59412,48.91159],[17.60132,48.91044],[17.60421,48.9051],[17.61463,48.89548],[17.61637,48.89123],[17.62519,48.88283],[17.62325,48.88102],[17.63589,48.87541],[17.63484,48.86939],[17.63861,48.86243],[17.64694,48.85426]]]},"properties":{"code":"ZLK","name":"Zlínský kraj"}}
]}